Width,Height,Roi.X1,Roi.Y1,Roi.X2,Roi.Y2,ClassId,Path
27,26,5,5,22,20,20,Train/20/00020_00000_00000.png
28,27,5,6,23,22,20,Train/20/00020_00000_00001.png
29,26,6,5,24,21,20,Train/20/00020_00000_00002.png
28,27,5,6,23,22,20,Train/20/00020_00000_00003.png
28,26,5,5,23,21,20,Train/20/00020_00000_00004.png
31,27,6,5,26,22,20,Train/20/00020_00000_00005.png
31,28,6,6,26,23,20,Train/20/00020_00000_00006.png
31,28,6,6,26,23,20,Train/20/00020_00000_00007.png
31,29,5,6,26,24,20,Train/20/00020_00000_00008.png
34,32,6,6,29,26,20,Train/20/00020_00000_00009.png
36,33,5,6,31,28,20,Train/20/00020_00000_00010.png
37,34,5,6,32,29,20,Train/20/00020_00000_00011.png
38,34,5,6,32,29,20,Train/20/00020_00000_00012.png
40,34,6,6,34,29,20,Train/20/00020_00000_00013.png
39,34,5,5,34,29,20,Train/20/00020_00000_00014.png
42,36,6,5,37,31,20,Train/20/00020_00000_00015.png
45,39,6,5,40,34,20,Train/20/00020_00000_00016.png
47,42,5,5,41,36,20,Train/20/00020_00000_00017.png
50,45,5,5,45,40,20,Train/20/00020_00000_00018.png
55,49,6,5,49,43,20,Train/20/00020_00000_00019.png
56,51,6,6,51,46,20,Train/20/00020_00000_00020.png
59,54,5,5,54,49,20,Train/20/00020_00000_00021.png
64,57,6,5,59,52,20,Train/20/00020_00000_00022.png
70,61,6,5,64,56,20,Train/20/00020_00000_00023.png
76,69,6,6,70,63,20,Train/20/00020_00000_00024.png
86,75,8,6,79,69,20,Train/20/00020_00000_00025.png
97,87,8,7,89,80,20,Train/20/00020_00000_00026.png
111,100,9,8,102,92,20,Train/20/00020_00000_00027.png
131,119,12,11,120,109,20,Train/20/00020_00000_00028.png
166,152,15,14,152,139,20,Train/20/00020_00000_00029.png
29,31,5,6,24,26,20,Train/20/00020_00001_00000.png
31,30,6,5,25,25,20,Train/20/00020_00001_00001.png
31,31,5,6,26,26,20,Train/20/00020_00001_00002.png
33,31,6,5,28,25,20,Train/20/00020_00001_00003.png
34,32,5,6,29,27,20,Train/20/00020_00001_00004.png
36,33,6,6,30,27,20,Train/20/00020_00001_00005.png
37,34,6,6,32,29,20,Train/20/00020_00001_00006.png
37,34,5,5,31,28,20,Train/20/00020_00001_00007.png
38,36,5,6,33,31,20,Train/20/00020_00001_00008.png
38,35,5,5,33,30,20,Train/20/00020_00001_00009.png
40,37,5,6,35,32,20,Train/20/00020_00001_00010.png
41,37,5,5,36,31,20,Train/20/00020_00001_00011.png
43,39,5,6,37,33,20,Train/20/00020_00001_00012.png
44,39,6,6,39,34,20,Train/20/00020_00001_00013.png
44,39,5,5,39,34,20,Train/20/00020_00001_00014.png
45,41,5,6,40,35,20,Train/20/00020_00001_00015.png
47,41,6,6,42,36,20,Train/20/00020_00001_00016.png
44,42,5,6,39,37,20,Train/20/00020_00001_00017.png
45,42,5,6,40,37,20,Train/20/00020_00001_00018.png
50,42,6,5,45,37,20,Train/20/00020_00001_00019.png
50,43,5,5,45,38,20,Train/20/00020_00001_00020.png
51,44,5,5,46,39,20,Train/20/00020_00001_00021.png
54,46,6,6,48,41,20,Train/20/00020_00001_00022.png
55,47,6,5,50,42,20,Train/20/00020_00001_00023.png
57,49,6,6,51,44,20,Train/20/00020_00001_00024.png
59,51,6,6,53,46,20,Train/20/00020_00001_00025.png
59,52,5,6,54,47,20,Train/20/00020_00001_00026.png
63,54,6,5,58,48,20,Train/20/00020_00001_00027.png
65,56,6,6,59,51,20,Train/20/00020_00001_00028.png
69,58,6,5,63,53,20,Train/20/00020_00001_00029.png
33,32,5,5,28,27,20,Train/20/00020_00002_00000.png
33,33,5,6,28,28,20,Train/20/00020_00002_00001.png
35,35,6,6,30,29,20,Train/20/00020_00002_00002.png
35,35,5,6,30,30,20,Train/20/00020_00002_00003.png
36,34,6,5,31,29,20,Train/20/00020_00002_00004.png
36,36,5,6,31,31,20,Train/20/00020_00002_00005.png
38,37,6,6,33,32,20,Train/20/00020_00002_00006.png
38,37,6,6,33,32,20,Train/20/00020_00002_00007.png
38,37,5,5,33,32,20,Train/20/00020_00002_00008.png
39,39,5,6,34,34,20,Train/20/00020_00002_00009.png
41,40,5,6,36,35,20,Train/20/00020_00002_00010.png
43,40,6,6,38,35,20,Train/20/00020_00002_00011.png
44,41,6,6,39,36,20,Train/20/00020_00002_00012.png
44,42,6,5,39,37,20,Train/20/00020_00002_00013.png
45,44,6,6,40,39,20,Train/20/00020_00002_00014.png
47,46,5,6,42,41,20,Train/20/00020_00002_00015.png
49,46,6,5,44,41,20,Train/20/00020_00002_00016.png
50,48,6,6,45,43,20,Train/20/00020_00002_00017.png
52,51,5,6,47,46,20,Train/20/00020_00002_00018.png
55,52,6,5,50,47,20,Train/20/00020_00002_00019.png
56,53,6,5,51,48,20,Train/20/00020_00002_00020.png
58,57,5,6,53,52,20,Train/20/00020_00002_00021.png
61,59,6,6,56,53,20,Train/20/00020_00002_00022.png
63,59,6,5,58,54,20,Train/20/00020_00002_00023.png
68,65,6,6,62,60,20,Train/20/00020_00002_00024.png
72,71,7,7,66,64,20,Train/20/00020_00002_00025.png
81,77,8,7,74,71,20,Train/20/00020_00002_00026.png
87,81,8,7,80,74,20,Train/20/00020_00002_00027.png
92,85,8,7,84,78,20,Train/20/00020_00002_00028.png
105,99,10,8,96,91,20,Train/20/00020_00002_00029.png
34,34,5,6,29,29,20,Train/20/00020_00003_00000.png
35,34,5,5,29,28,20,Train/20/00020_00003_00001.png
37,35,6,5,32,29,20,Train/20/00020_00003_00002.png
38,36,6,6,33,31,20,Train/20/00020_00003_00003.png
38,37,6,6,33,31,20,Train/20/00020_00003_00004.png
39,38,5,6,33,32,20,Train/20/00020_00003_00005.png
39,38,5,6,34,33,20,Train/20/00020_00003_00006.png
40,38,6,5,35,32,20,Train/20/00020_00003_00007.png
42,39,6,6,37,34,20,Train/20/00020_00003_00008.png
42,39,5,5,37,34,20,Train/20/00020_00003_00009.png
43,41,5,6,38,36,20,Train/20/00020_00003_00010.png
45,43,5,6,40,38,20,Train/20/00020_00003_00011.png
46,44,5,6,41,39,20,Train/20/00020_00003_00012.png
48,45,6,6,43,40,20,Train/20/00020_00003_00013.png
49,47,5,5,44,41,20,Train/20/00020_00003_00014.png
51,49,6,6,46,44,20,Train/20/00020_00003_00015.png
53,51,6,6,48,45,20,Train/20/00020_00003_00016.png
54,51,6,5,49,46,20,Train/20/00020_00003_00017.png
57,54,6,6,51,49,20,Train/20/00020_00003_00018.png
58,56,5,6,53,51,20,Train/20/00020_00003_00019.png
62,58,5,5,57,53,20,Train/20/00020_00003_00020.png
64,61,5,6,58,56,20,Train/20/00020_00003_00021.png
67,64,6,6,61,59,20,Train/20/00020_00003_00022.png
73,71,6,6,67,65,20,Train/20/00020_00003_00023.png
77,75,7,7,71,69,20,Train/20/00020_00003_00024.png
83,80,8,8,76,73,20,Train/20/00020_00003_00025.png
92,86,8,7,84,79,20,Train/20/00020_00003_00026.png
100,95,9,9,92,87,20,Train/20/00020_00003_00027.png
106,99,10,9,97,91,20,Train/20/00020_00003_00028.png
117,118,7,11,107,108,20,Train/20/00020_00003_00029.png
29,29,6,6,24,24,20,Train/20/00020_00004_00000.png
29,29,6,6,24,24,20,Train/20/00020_00004_00001.png
31,31,6,6,26,26,20,Train/20/00020_00004_00002.png
30,31,5,6,25,26,20,Train/20/00020_00004_00003.png
32,33,5,6,27,28,20,Train/20/00020_00004_00004.png
32,33,5,6,27,28,20,Train/20/00020_00004_00005.png
33,32,6,5,28,27,20,Train/20/00020_00004_00006.png
33,33,6,6,28,28,20,Train/20/00020_00004_00007.png
34,33,6,5,29,28,20,Train/20/00020_00004_00008.png
33,34,5,6,28,29,20,Train/20/00020_00004_00009.png
33,34,5,6,28,29,20,Train/20/00020_00004_00010.png
36,35,6,5,31,30,20,Train/20/00020_00004_00011.png
36,36,5,5,31,31,20,Train/20/00020_00004_00012.png
36,37,5,6,31,32,20,Train/20/00020_00004_00013.png
37,37,6,6,32,32,20,Train/20/00020_00004_00014.png
37,37,6,6,32,32,20,Train/20/00020_00004_00015.png
41,41,6,6,36,36,20,Train/20/00020_00004_00016.png
41,41,6,6,36,36,20,Train/20/00020_00004_00017.png
41,40,6,5,36,35,20,Train/20/00020_00004_00018.png
40,41,5,6,35,36,20,Train/20/00020_00004_00019.png
41,40,6,5,36,35,20,Train/20/00020_00004_00020.png
40,41,5,6,35,36,20,Train/20/00020_00004_00021.png
40,40,5,5,35,35,20,Train/20/00020_00004_00022.png
42,42,5,5,37,37,20,Train/20/00020_00004_00023.png
44,44,6,6,39,39,20,Train/20/00020_00004_00024.png
47,46,6,5,42,41,20,Train/20/00020_00004_00025.png
48,49,5,6,43,44,20,Train/20/00020_00004_00026.png
52,53,5,6,47,48,20,Train/20/00020_00004_00027.png
54,55,5,6,49,50,20,Train/20/00020_00004_00028.png
58,58,5,5,53,53,20,Train/20/00020_00004_00029.png
28,26,5,6,22,21,20,Train/20/00020_00005_00000.png
28,26,5,5,22,20,20,Train/20/00020_00005_00001.png
30,28,6,6,24,22,20,Train/20/00020_00005_00002.png
30,29,5,6,25,24,20,Train/20/00020_00005_00003.png
30,29,5,6,25,24,20,Train/20/00020_00005_00004.png
32,29,6,5,27,24,20,Train/20/00020_00005_00005.png
32,29,5,5,26,24,20,Train/20/00020_00005_00006.png
32,31,5,6,27,26,20,Train/20/00020_00005_00007.png
33,30,6,5,28,25,20,Train/20/00020_00005_00008.png
33,31,5,5,27,25,20,Train/20/00020_00005_00009.png
35,32,6,5,30,27,20,Train/20/00020_00005_00010.png
36,33,5,5,30,28,20,Train/20/00020_00005_00011.png
38,35,6,6,33,30,20,Train/20/00020_00005_00012.png
39,35,6,5,33,29,20,Train/20/00020_00005_00013.png
40,37,6,6,34,31,20,Train/20/00020_00005_00014.png
40,37,5,6,34,32,20,Train/20/00020_00005_00015.png
40,38,5,5,35,32,20,Train/20/00020_00005_00016.png
43,40,6,6,38,35,20,Train/20/00020_00005_00017.png
44,42,6,6,39,36,20,Train/20/00020_00005_00018.png
46,42,6,5,41,37,20,Train/20/00020_00005_00019.png
48,44,6,5,43,39,20,Train/20/00020_00005_00020.png
49,47,5,6,44,42,20,Train/20/00020_00005_00021.png
49,47,5,6,44,42,20,Train/20/00020_00005_00022.png
51,48,5,5,46,43,20,Train/20/00020_00005_00023.png
51,48,5,5,46,43,20,Train/20/00020_00005_00024.png
53,50,6,6,48,45,20,Train/20/00020_00005_00025.png
55,51,6,5,50,46,20,Train/20/00020_00005_00026.png
59,55,5,6,54,50,20,Train/20/00020_00005_00027.png
68,60,7,5,62,55,20,Train/20/00020_00005_00028.png
74,67,7,6,68,61,20,Train/20/00020_00005_00029.png
27,25,6,5,22,20,20,Train/20/00020_00006_00000.png
27,27,6,6,22,21,20,Train/20/00020_00006_00001.png
28,28,5,6,22,22,20,Train/20/00020_00006_00002.png
29,27,5,5,23,22,20,Train/20/00020_00006_00003.png
30,28,6,5,25,22,20,Train/20/00020_00006_00004.png
30,28,6,6,25,23,20,Train/20/00020_00006_00005.png
31,29,6,6,26,24,20,Train/20/00020_00006_00006.png
32,30,5,6,26,25,20,Train/20/00020_00006_00007.png
33,31,6,5,28,25,20,Train/20/00020_00006_00008.png
35,31,6,5,29,25,20,Train/20/00020_00006_00009.png
35,32,5,6,29,27,20,Train/20/00020_00006_00010.png
35,34,5,6,30,28,20,Train/20/00020_00006_00011.png
37,35,5,6,31,29,20,Train/20/00020_00006_00012.png
38,36,5,6,32,30,20,Train/20/00020_00006_00013.png
39,36,5,5,33,30,20,Train/20/00020_00006_00014.png
41,38,6,6,35,32,20,Train/20/00020_00006_00015.png
41,39,5,6,36,33,20,Train/20/00020_00006_00016.png
43,40,6,6,38,34,20,Train/20/00020_00006_00017.png
45,42,5,6,40,36,20,Train/20/00020_00006_00018.png
49,44,6,6,44,39,20,Train/20/00020_00006_00019.png
50,44,6,5,45,39,20,Train/20/00020_00006_00020.png
52,46,5,5,47,40,20,Train/20/00020_00006_00021.png
55,49,5,5,50,43,20,Train/20/00020_00006_00022.png
60,52,6,5,54,46,20,Train/20/00020_00006_00023.png
62,55,5,6,57,50,20,Train/20/00020_00006_00024.png
67,57,6,6,61,52,20,Train/20/00020_00006_00025.png
72,60,6,5,65,55,20,Train/20/00020_00006_00026.png
76,66,6,6,69,60,20,Train/20/00020_00006_00027.png
84,71,8,6,76,64,20,Train/20/00020_00006_00028.png
89,75,8,6,81,69,20,Train/20/00020_00006_00029.png
27,27,6,6,22,22,20,Train/20/00020_00007_00000.png
27,27,6,6,22,22,20,Train/20/00020_00007_00001.png
26,27,5,6,21,22,20,Train/20/00020_00007_00002.png
27,28,5,6,22,23,20,Train/20/00020_00007_00003.png
27,28,5,6,22,23,20,Train/20/00020_00007_00004.png
28,28,6,6,23,23,20,Train/20/00020_00007_00005.png
27,28,5,6,22,23,20,Train/20/00020_00007_00006.png
27,28,5,6,22,23,20,Train/20/00020_00007_00007.png
27,28,5,6,22,23,20,Train/20/00020_00007_00008.png
28,28,5,5,23,23,20,Train/20/00020_00007_00009.png
27,27,5,5,22,22,20,Train/20/00020_00007_00010.png
28,29,5,6,23,24,20,Train/20/00020_00007_00011.png
28,28,5,5,23,23,20,Train/20/00020_00007_00012.png
30,30,5,5,25,25,20,Train/20/00020_00007_00013.png
30,30,5,5,25,25,20,Train/20/00020_00007_00014.png
31,32,5,6,25,27,20,Train/20/00020_00007_00015.png
33,32,6,5,28,27,20,Train/20/00020_00007_00016.png
34,35,5,6,29,30,20,Train/20/00020_00007_00017.png
38,36,6,5,33,31,20,Train/20/00020_00007_00018.png
40,39,5,6,35,34,20,Train/20/00020_00007_00019.png
41,41,5,6,36,35,20,Train/20/00020_00007_00020.png
44,42,5,5,38,36,20,Train/20/00020_00007_00021.png
48,45,6,5,43,40,20,Train/20/00020_00007_00022.png
53,50,6,6,47,45,20,Train/20/00020_00007_00023.png
57,55,5,6,52,50,20,Train/20/00020_00007_00024.png
63,60,5,5,58,55,20,Train/20/00020_00007_00025.png
74,71,7,7,68,65,20,Train/20/00020_00007_00026.png
88,84,8,7,81,77,20,Train/20/00020_00007_00027.png
106,100,10,8,97,92,20,Train/20/00020_00007_00028.png
124,119,11,10,114,109,20,Train/20/00020_00007_00029.png
30,30,5,5,25,25,20,Train/20/00020_00008_00000.png
30,31,5,6,25,26,20,Train/20/00020_00008_00001.png
30,30,5,5,25,25,20,Train/20/00020_00008_00002.png
30,31,5,6,25,26,20,Train/20/00020_00008_00003.png
31,31,5,5,26,26,20,Train/20/00020_00008_00004.png
32,31,6,5,27,26,20,Train/20/00020_00008_00005.png
32,31,6,5,27,26,20,Train/20/00020_00008_00006.png
32,33,5,6,27,28,20,Train/20/00020_00008_00007.png
34,35,5,6,29,30,20,Train/20/00020_00008_00008.png
35,34,6,5,30,29,20,Train/20/00020_00008_00009.png
34,34,5,5,29,29,20,Train/20/00020_00008_00010.png
35,35,6,6,30,30,20,Train/20/00020_00008_00011.png
35,35,5,5,30,30,20,Train/20/00020_00008_00012.png
36,36,6,6,31,31,20,Train/20/00020_00008_00013.png
36,36,6,6,31,31,20,Train/20/00020_00008_00014.png
40,40,6,6,35,35,20,Train/20/00020_00008_00015.png
39,40,5,6,34,35,20,Train/20/00020_00008_00016.png
40,40,6,6,35,35,20,Train/20/00020_00008_00017.png
40,40,5,5,35,35,20,Train/20/00020_00008_00018.png
41,40,6,5,36,35,20,Train/20/00020_00008_00019.png
42,43,5,6,37,38,20,Train/20/00020_00008_00020.png
44,44,5,5,39,39,20,Train/20/00020_00008_00021.png
45,45,6,6,40,40,20,Train/20/00020_00008_00022.png
48,48,5,5,43,43,20,Train/20/00020_00008_00023.png
50,50,5,5,45,45,20,Train/20/00020_00008_00024.png
53,53,6,6,48,48,20,Train/20/00020_00008_00025.png
55,55,6,6,50,50,20,Train/20/00020_00008_00026.png
61,61,6,6,56,56,20,Train/20/00020_00008_00027.png
73,72,7,6,67,66,20,Train/20/00020_00008_00028.png
76,76,6,6,70,70,20,Train/20/00020_00008_00029.png
36,36,5,5,31,31,20,Train/20/00020_00009_00000.png
37,36,6,5,32,31,20,Train/20/00020_00009_00001.png
36,36,5,5,31,31,20,Train/20/00020_00009_00002.png
37,36,6,5,32,31,20,Train/20/00020_00009_00003.png
38,38,6,6,33,33,20,Train/20/00020_00009_00004.png
39,38,6,5,34,33,20,Train/20/00020_00009_00005.png
39,40,5,6,34,35,20,Train/20/00020_00009_00006.png
39,40,5,6,34,35,20,Train/20/00020_00009_00007.png
39,39,5,5,34,34,20,Train/20/00020_00009_00008.png
40,40,6,6,35,35,20,Train/20/00020_00009_00009.png
39,40,5,6,34,35,20,Train/20/00020_00009_00010.png
40,40,6,6,35,35,20,Train/20/00020_00009_00011.png
40,40,6,6,35,35,20,Train/20/00020_00009_00012.png
39,39,5,5,34,34,20,Train/20/00020_00009_00013.png
43,42,6,5,38,37,20,Train/20/00020_00009_00014.png
43,43,6,6,38,38,20,Train/20/00020_00009_00015.png
43,42,6,5,38,37,20,Train/20/00020_00009_00016.png
43,43,6,6,38,38,20,Train/20/00020_00009_00017.png
45,44,6,5,40,39,20,Train/20/00020_00009_00018.png
45,44,6,5,40,39,20,Train/20/00020_00009_00019.png
47,47,6,6,42,42,20,Train/20/00020_00009_00020.png
47,47,6,6,42,42,20,Train/20/00020_00009_00021.png
47,47,6,6,42,42,20,Train/20/00020_00009_00022.png
50,50,6,6,45,45,20,Train/20/00020_00009_00023.png
52,52,5,5,47,47,20,Train/20/00020_00009_00024.png
54,54,5,5,49,49,20,Train/20/00020_00009_00025.png
56,57,5,6,51,52,20,Train/20/00020_00009_00026.png
57,57,6,6,52,52,20,Train/20/00020_00009_00027.png
59,58,6,5,54,53,20,Train/20/00020_00009_00028.png
61,60,6,5,56,55,20,Train/20/00020_00009_00029.png
29,25,6,5,24,20,20,Train/20/00020_00010_00000.png
31,29,6,6,26,23,20,Train/20/00020_00010_00001.png
33,29,6,5,28,24,20,Train/20/00020_00010_00002.png
35,33,6,6,30,27,20,Train/20/00020_00010_00003.png
35,33,5,6,29,27,20,Train/20/00020_00010_00004.png
37,32,6,5,31,27,20,Train/20/00020_00010_00005.png
37,34,6,6,32,29,20,Train/20/00020_00010_00006.png
37,33,6,5,32,28,20,Train/20/00020_00010_00007.png
37,34,5,5,32,29,20,Train/20/00020_00010_00008.png
38,35,5,6,33,30,20,Train/20/00020_00010_00009.png
40,35,6,5,35,30,20,Train/20/00020_00010_00010.png
40,37,5,6,35,32,20,Train/20/00020_00010_00011.png
42,37,6,5,36,31,20,Train/20/00020_00010_00012.png
42,38,5,5,36,32,20,Train/20/00020_00010_00013.png
44,40,6,6,38,34,20,Train/20/00020_00010_00014.png
44,40,6,6,39,35,20,Train/20/00020_00010_00015.png
45,41,5,5,40,35,20,Train/20/00020_00010_00016.png
47,43,5,6,41,37,20,Train/20/00020_00010_00017.png
49,44,6,5,44,38,20,Train/20/00020_00010_00018.png
51,46,6,5,46,40,20,Train/20/00020_00010_00019.png
54,48,6,6,49,43,20,Train/20/00020_00010_00020.png
57,50,6,5,52,45,20,Train/20/00020_00010_00021.png
58,52,5,5,53,47,20,Train/20/00020_00010_00022.png
63,55,6,5,57,50,20,Train/20/00020_00010_00023.png
64,57,5,5,59,52,20,Train/20/00020_00010_00024.png
71,62,7,5,65,56,20,Train/20/00020_00010_00025.png
75,69,6,7,69,62,20,Train/20/00020_00010_00026.png
81,71,8,7,74,65,20,Train/20/00020_00010_00027.png
88,77,7,7,80,71,20,Train/20/00020_00010_00028.png
95,84,8,8,87,77,20,Train/20/00020_00010_00029.png
28,25,5,5,23,20,20,Train/20/00020_00011_00000.png
30,27,5,5,25,22,20,Train/20/00020_00011_00001.png
31,28,6,6,26,23,20,Train/20/00020_00011_00002.png
30,28,5,6,25,23,20,Train/20/00020_00011_00003.png
30,28,5,6,25,23,20,Train/20/00020_00011_00004.png
31,27,5,5,25,22,20,Train/20/00020_00011_00005.png
31,30,5,6,26,24,20,Train/20/00020_00011_00006.png
31,29,6,6,26,24,20,Train/20/00020_00011_00007.png
32,30,6,6,26,25,20,Train/20/00020_00011_00008.png
33,31,6,5,27,25,20,Train/20/00020_00011_00009.png
35,32,6,5,29,26,20,Train/20/00020_00011_00010.png
35,32,5,5,29,27,20,Train/20/00020_00011_00011.png
37,34,6,5,31,28,20,Train/20/00020_00011_00012.png
37,35,6,6,32,30,20,Train/20/00020_00011_00013.png
39,36,6,6,33,31,20,Train/20/00020_00011_00014.png
40,38,5,6,34,33,20,Train/20/00020_00011_00015.png
42,38,6,5,36,33,20,Train/20/00020_00011_00016.png
42,41,5,6,37,36,20,Train/20/00020_00011_00017.png
45,43,6,6,40,38,20,Train/20/00020_00011_00018.png
47,45,6,6,42,40,20,Train/20/00020_00011_00019.png
48,46,6,6,43,41,20,Train/20/00020_00011_00020.png
50,48,5,5,45,43,20,Train/20/00020_00011_00021.png
52,48,6,6,47,43,20,Train/20/00020_00011_00022.png
57,53,5,5,52,48,20,Train/20/00020_00011_00023.png
58,54,6,6,53,49,20,Train/20/00020_00011_00024.png
62,59,5,6,57,54,20,Train/20/00020_00011_00025.png
71,59,6,5,65,54,20,Train/20/00020_00011_00026.png
73,73,6,7,67,67,20,Train/20/00020_00011_00027.png
86,76,7,6,79,70,20,Train/20/00020_00011_00028.png
99,88,9,8,91,81,20,Train/20/00020_00011_00029.png
29,30,5,6,24,25,0,Train/0/00000_00000_00000.png
30,30,5,5,25,25,0,Train/0/00000_00000_00001.png
30,30,5,5,25,25,0,Train/0/00000_00000_00002.png
31,31,5,5,26,26,0,Train/0/00000_00000_00003.png
30,32,5,6,25,26,0,Train/0/00000_00000_00004.png
31,31,6,6,26,26,0,Train/0/00000_00000_00005.png
33,34,6,6,28,28,0,Train/0/00000_00000_00006.png
34,35,6,6,29,30,0,Train/0/00000_00000_00007.png
33,34,5,5,28,29,0,Train/0/00000_00000_00008.png
36,36,6,5,30,30,0,Train/0/00000_00000_00009.png
35,36,5,5,30,31,0,Train/0/00000_00000_00010.png
37,38,6,6,32,33,0,Train/0/00000_00000_00011.png
37,38,5,6,32,33,0,Train/0/00000_00000_00012.png
40,39,6,5,35,34,0,Train/0/00000_00000_00013.png
41,42,5,6,36,37,0,Train/0/00000_00000_00014.png
44,44,6,6,39,39,0,Train/0/00000_00000_00015.png
46,44,6,5,41,39,0,Train/0/00000_00000_00016.png
47,48,6,6,42,42,0,Train/0/00000_00000_00017.png
50,48,5,5,45,43,0,Train/0/00000_00000_00018.png
53,51,5,5,48,46,0,Train/0/00000_00000_00019.png
57,54,6,5,51,49,0,Train/0/00000_00000_00020.png
59,58,6,6,53,53,0,Train/0/00000_00000_00021.png
63,61,6,5,57,56,0,Train/0/00000_00000_00022.png
70,70,7,7,64,64,0,Train/0/00000_00000_00023.png
76,76,7,7,70,70,0,Train/0/00000_00000_00024.png
85,86,7,8,78,79,0,Train/0/00000_00000_00025.png
97,97,8,8,89,88,0,Train/0/00000_00000_00026.png
108,110,9,10,99,101,0,Train/0/00000_00000_00027.png
124,127,10,11,113,116,0,Train/0/00000_00000_00028.png
144,148,12,13,132,136,0,Train/0/00000_00000_00029.png
29,30,6,6,24,25,0,Train/0/00000_00001_00000.png
30,30,6,5,25,25,0,Train/0/00000_00001_00001.png
30,29,6,5,25,24,0,Train/0/00000_00001_00002.png
31,31,6,6,26,26,0,Train/0/00000_00001_00003.png
31,31,5,5,26,26,0,Train/0/00000_00001_00004.png
32,32,6,6,27,27,0,Train/0/00000_00001_00005.png
33,34,5,6,28,29,0,Train/0/00000_00001_00006.png
34,33,6,5,29,28,0,Train/0/00000_00001_00007.png
33,33,5,5,28,28,0,Train/0/00000_00001_00008.png
34,33,6,5,29,28,0,Train/0/00000_00001_00009.png
36,35,6,5,30,29,0,Train/0/00000_00001_00010.png
35,36,5,6,30,31,0,Train/0/00000_00001_00011.png
36,36,6,6,31,31,0,Train/0/00000_00001_00012.png
36,36,5,6,31,31,0,Train/0/00000_00001_00013.png
37,36,5,5,31,31,0,Train/0/00000_00001_00014.png
38,38,5,6,32,33,0,Train/0/00000_00001_00015.png
38,39,5,6,33,34,0,Train/0/00000_00001_00016.png
39,41,5,6,34,35,0,Train/0/00000_00001_00017.png
40,41,5,6,35,36,0,Train/0/00000_00001_00018.png
42,43,5,5,36,37,0,Train/0/00000_00001_00019.png
43,43,6,5,38,38,0,Train/0/00000_00001_00020.png
45,45,6,5,40,40,0,Train/0/00000_00001_00021.png
45,47,5,6,40,42,0,Train/0/00000_00001_00022.png
47,48,5,5,41,42,0,Train/0/00000_00001_00023.png
49,49,6,5,44,44,0,Train/0/00000_00001_00024.png
50,52,5,5,45,47,0,Train/0/00000_00001_00025.png
53,54,6,5,48,49,0,Train/0/00000_00001_00026.png
55,56,6,5,50,51,0,Train/0/00000_00001_00027.png
57,59,5,6,51,54,0,Train/0/00000_00001_00028.png
59,61,5,5,54,55,0,Train/0/00000_00001_00029.png
27,26,6,5,22,21,0,Train/0/00000_00002_00000.png
27,28,5,6,22,23,0,Train/0/00000_00002_00001.png
27,28,5,6,22,23,0,Train/0/00000_00002_00002.png
30,29,6,5,25,24,0,Train/0/00000_00002_00003.png
30,29,6,5,25,24,0,Train/0/00000_00002_00004.png
31,31,6,6,26,26,0,Train/0/00000_00002_00005.png
30,30,5,5,25,25,0,Train/0/00000_00002_00006.png
32,31,6,5,27,26,0,Train/0/00000_00002_00007.png
31,32,5,6,26,27,0,Train/0/00000_00002_00008.png
34,33,6,5,29,28,0,Train/0/00000_00002_00009.png
34,34,5,5,29,29,0,Train/0/00000_00002_00010.png
35,35,5,5,30,30,0,Train/0/00000_00002_00011.png
38,37,6,5,33,32,0,Train/0/00000_00002_00012.png
39,39,6,6,34,34,0,Train/0/00000_00002_00013.png
40,39,6,5,35,34,0,Train/0/00000_00002_00014.png
41,41,6,6,36,36,0,Train/0/00000_00002_00015.png
44,44,6,6,39,39,0,Train/0/00000_00002_00016.png
46,45,6,5,41,40,0,Train/0/00000_00002_00017.png
48,47,6,5,43,42,0,Train/0/00000_00002_00018.png
51,50,6,5,46,45,0,Train/0/00000_00002_00019.png
52,52,5,5,47,47,0,Train/0/00000_00002_00020.png
55,55,6,6,50,50,0,Train/0/00000_00002_00021.png
59,59,6,6,54,54,0,Train/0/00000_00002_00022.png
62,63,5,6,57,58,0,Train/0/00000_00002_00023.png
69,70,7,6,63,64,0,Train/0/00000_00002_00024.png
74,75,6,6,68,69,0,Train/0/00000_00002_00025.png
83,85,7,8,76,78,0,Train/0/00000_00002_00026.png
92,95,8,9,84,87,0,Train/0/00000_00002_00027.png
107,108,10,9,98,99,0,Train/0/00000_00002_00028.png
122,124,11,11,112,114,0,Train/0/00000_00002_00029.png
27,28,5,6,22,23,0,Train/0/00000_00003_00000.png
28,29,5,6,22,23,0,Train/0/00000_00003_00001.png
29,28,6,5,24,23,0,Train/0/00000_00003_00002.png
29,30,5,6,24,25,0,Train/0/00000_00003_00003.png
28,30,5,6,23,25,0,Train/0/00000_00003_00004.png
31,31,6,6,25,25,0,Train/0/00000_00003_00005.png
33,32,6,5,28,27,0,Train/0/00000_00003_00006.png
31,33,6,6,26,28,0,Train/0/00000_00003_00007.png
33,33,5,5,28,28,0,Train/0/00000_00003_00008.png
34,34,5,5,29,29,0,Train/0/00000_00003_00009.png
36,35,6,5,31,30,0,Train/0/00000_00003_00010.png
37,37,6,6,31,31,0,Train/0/00000_00003_00011.png
37,36,5,5,31,31,0,Train/0/00000_00003_00012.png
38,39,5,6,32,33,0,Train/0/00000_00003_00013.png
40,39,6,5,35,34,0,Train/0/00000_00003_00014.png
41,40,6,5,36,35,0,Train/0/00000_00003_00015.png
43,44,6,6,38,38,0,Train/0/00000_00003_00016.png
43,45,5,5,38,40,0,Train/0/00000_00003_00017.png
47,46,6,5,42,41,0,Train/0/00000_00003_00018.png
50,50,5,5,45,45,0,Train/0/00000_00003_00019.png
51,52,5,5,46,47,0,Train/0/00000_00003_00020.png
53,54,5,5,48,49,0,Train/0/00000_00003_00021.png
58,57,5,5,52,51,0,Train/0/00000_00003_00022.png
62,60,5,6,56,55,0,Train/0/00000_00003_00023.png
64,61,5,5,59,56,0,Train/0/00000_00003_00024.png
70,69,6,7,64,62,0,Train/0/00000_00003_00025.png
76,75,6,6,70,69,0,Train/0/00000_00003_00026.png
85,84,8,8,78,76,0,Train/0/00000_00003_00027.png
94,93,8,9,86,85,0,Train/0/00000_00003_00028.png
109,104,10,9,100,95,0,Train/0/00000_00003_00029.png
55,59,6,6,50,54,0,Train/0/00000_00004_00000.png
56,60,5,5,50,54,0,Train/0/00000_00004_00001.png
56,60,5,5,51,55,0,Train/0/00000_00004_00002.png
57,61,5,5,52,55,0,Train/0/00000_00004_00003.png
59,62,6,5,54,57,0,Train/0/00000_00004_00004.png
59,63,5,5,54,58,0,Train/0/00000_00004_00005.png
59,66,5,6,54,60,0,Train/0/00000_00004_00006.png
63,68,6,6,57,62,0,Train/0/00000_00004_00007.png
63,69,6,6,58,63,0,Train/0/00000_00004_00008.png
65,70,6,6,60,64,0,Train/0/00000_00004_00009.png
66,71,6,7,60,65,0,Train/0/00000_00004_00010.png
68,72,6,7,61,65,0,Train/0/00000_00004_00011.png
70,73,7,7,64,67,0,Train/0/00000_00004_00012.png
70,74,7,7,64,67,0,Train/0/00000_00004_00013.png
70,74,7,7,64,68,0,Train/0/00000_00004_00014.png
72,75,7,6,65,68,0,Train/0/00000_00004_00015.png
74,79,7,7,68,72,0,Train/0/00000_00004_00016.png
74,80,6,8,67,73,0,Train/0/00000_00004_00017.png
76,80,7,7,69,72,0,Train/0/00000_00004_00018.png
77,82,7,7,71,75,0,Train/0/00000_00004_00019.png
80,84,8,7,73,77,0,Train/0/00000_00004_00020.png
81,85,7,7,73,78,0,Train/0/00000_00004_00021.png
81,88,7,8,74,80,0,Train/0/00000_00004_00022.png
84,88,8,7,76,81,0,Train/0/00000_00004_00023.png
85,89,8,8,78,82,0,Train/0/00000_00004_00024.png
86,93,7,8,78,84,0,Train/0/00000_00004_00025.png
90,96,8,9,82,88,0,Train/0/00000_00004_00026.png
95,100,9,9,87,92,0,Train/0/00000_00004_00027.png
98,106,8,10,90,97,0,Train/0/00000_00004_00028.png
107,110,9,10,97,101,0,Train/0/00000_00004_00029.png
27,27,5,6,22,22,0,Train/0/00000_00005_00000.png
29,27,6,5,24,22,0,Train/0/00000_00005_00001.png
29,28,5,5,24,23,0,Train/0/00000_00005_00002.png
30,28,5,5,25,23,0,Train/0/00000_00005_00003.png
32,30,6,6,27,25,0,Train/0/00000_00005_00004.png
31,30,5,6,26,25,0,Train/0/00000_00005_00005.png
32,29,6,5,27,24,0,Train/0/00000_00005_00006.png
33,30,6,5,28,25,0,Train/0/00000_00005_00007.png
32,32,5,5,27,26,0,Train/0/00000_00005_00008.png
34,33,6,6,29,28,0,Train/0/00000_00005_00009.png
34,33,5,5,29,28,0,Train/0/00000_00005_00010.png
35,33,5,5,30,28,0,Train/0/00000_00005_00011.png
37,35,5,6,32,30,0,Train/0/00000_00005_00012.png
37,37,5,6,32,31,0,Train/0/00000_00005_00013.png
38,37,5,5,33,32,0,Train/0/00000_00005_00014.png
42,39,6,5,36,34,0,Train/0/00000_00005_00015.png
43,40,6,5,38,35,0,Train/0/00000_00005_00016.png
43,43,5,6,38,37,0,Train/0/00000_00005_00017.png
45,44,5,6,40,39,0,Train/0/00000_00005_00018.png
47,45,5,5,42,40,0,Train/0/00000_00005_00019.png
49,47,5,5,44,42,0,Train/0/00000_00005_00020.png
52,49,5,5,47,44,0,Train/0/00000_00005_00021.png
56,54,5,5,50,49,0,Train/0/00000_00005_00022.png
59,58,6,6,54,53,0,Train/0/00000_00005_00023.png
63,62,5,6,58,57,0,Train/0/00000_00005_00024.png
71,65,7,5,64,59,0,Train/0/00000_00005_00025.png
76,72,7,6,70,66,0,Train/0/00000_00005_00026.png
83,82,8,7,76,75,0,Train/0/00000_00005_00027.png
95,94,9,8,87,85,0,Train/0/00000_00005_00028.png
109,108,9,10,100,99,0,Train/0/00000_00005_00029.png
34,36,6,6,29,31,0,Train/0/00000_00006_00000.png
36,37,6,6,30,32,0,Train/0/00000_00006_00001.png
35,38,5,6,30,33,0,Train/0/00000_00006_00002.png
36,39,5,6,31,34,0,Train/0/00000_00006_00003.png
37,39,5,5,32,34,0,Train/0/00000_00006_00004.png
38,40,6,6,32,35,0,Train/0/00000_00006_00005.png
39,41,6,6,33,35,0,Train/0/00000_00006_00006.png
41,42,6,6,35,37,0,Train/0/00000_00006_00007.png
41,43,6,6,35,37,0,Train/0/00000_00006_00008.png
41,44,5,6,35,38,0,Train/0/00000_00006_00009.png
42,45,5,5,37,39,0,Train/0/00000_00006_00010.png
45,47,6,6,40,42,0,Train/0/00000_00006_00011.png
46,49,5,6,41,44,0,Train/0/00000_00006_00012.png
48,51,6,6,43,45,0,Train/0/00000_00006_00013.png
50,53,5,6,45,48,0,Train/0/00000_00006_00014.png
53,55,6,6,48,50,0,Train/0/00000_00006_00015.png
54,56,5,5,48,50,0,Train/0/00000_00006_00016.png
55,58,5,5,50,53,0,Train/0/00000_00006_00017.png
56,61,5,6,51,55,0,Train/0/00000_00006_00018.png
60,64,5,6,55,59,0,Train/0/00000_00006_00019.png
63,69,6,7,58,62,0,Train/0/00000_00006_00020.png
68,73,6,7,62,66,0,Train/0/00000_00006_00021.png
72,76,6,6,66,69,0,Train/0/00000_00006_00022.png
75,81,6,7,69,74,0,Train/0/00000_00006_00023.png
82,85,8,7,74,77,0,Train/0/00000_00006_00024.png
85,87,8,7,77,80,0,Train/0/00000_00006_00025.png
92,95,8,8,83,87,0,Train/0/00000_00006_00026.png
97,100,9,8,89,92,0,Train/0/00000_00006_00027.png
105,109,9,10,95,100,0,Train/0/00000_00006_00028.png
112,118,10,11,103,108,0,Train/0/00000_00006_00029.png
56,57,6,5,51,52,1,Train/1/00001_00000_00000.png
55,57,5,6,50,52,1,Train/1/00001_00000_00001.png
56,56,5,6,51,51,1,Train/1/00001_00000_00002.png
58,58,6,6,53,52,1,Train/1/00001_00000_00003.png
59,59,6,6,54,53,1,Train/1/00001_00000_00004.png
57,59,5,6,52,54,1,Train/1/00001_00000_00005.png
57,59,5,5,52,54,1,Train/1/00001_00000_00006.png
57,59,5,5,52,53,1,Train/1/00001_00000_00007.png
60,60,6,6,54,54,1,Train/1/00001_00000_00008.png
61,61,5,6,55,56,1,Train/1/00001_00000_00009.png
61,62,5,6,56,57,1,Train/1/00001_00000_00010.png
63,62,5,5,57,57,1,Train/1/00001_00000_00011.png
65,65,5,6,59,60,1,Train/1/00001_00000_00012.png
68,68,7,7,62,62,1,Train/1/00001_00000_00013.png
68,69,7,7,62,63,1,Train/1/00001_00000_00014.png
69,70,7,7,63,64,1,Train/1/00001_00000_00015.png
71,72,6,6,65,66,1,Train/1/00001_00000_00016.png
72,74,6,6,66,67,1,Train/1/00001_00000_00017.png
74,74,6,6,68,68,1,Train/1/00001_00000_00018.png
79,80,7,8,72,73,1,Train/1/00001_00000_00019.png
81,81,8,8,74,74,1,Train/1/00001_00000_00020.png
82,82,7,7,75,75,1,Train/1/00001_00000_00021.png
85,86,7,7,78,78,1,Train/1/00001_00000_00022.png
89,88,8,7,82,81,1,Train/1/00001_00000_00023.png
93,94,8,9,84,85,1,Train/1/00001_00000_00024.png
97,96,9,8,88,88,1,Train/1/00001_00000_00025.png
100,104,9,9,92,95,1,Train/1/00001_00000_00026.png
105,107,10,9,96,98,1,Train/1/00001_00000_00027.png
108,110,10,9,99,101,1,Train/1/00001_00000_00028.png
114,118,10,11,104,108,1,Train/1/00001_00000_00029.png
30,32,5,5,25,27,1,Train/1/00001_00001_00000.png
30,33,5,6,25,28,1,Train/1/00001_00001_00001.png
31,33,5,6,25,28,1,Train/1/00001_00001_00002.png
32,33,6,6,26,28,1,Train/1/00001_00001_00003.png
32,33,5,6,26,28,1,Train/1/00001_00001_00004.png
34,33,6,5,29,28,1,Train/1/00001_00001_00005.png
36,34,6,5,31,29,1,Train/1/00001_00001_00006.png
37,35,6,5,32,30,1,Train/1/00001_00001_00007.png
37,36,5,5,31,30,1,Train/1/00001_00001_00008.png
38,37,6,5,33,31,1,Train/1/00001_00001_00009.png
38,39,5,6,33,34,1,Train/1/00001_00001_00010.png
38,39,5,5,33,33,1,Train/1/00001_00001_00011.png
39,39,5,5,34,34,1,Train/1/00001_00001_00012.png
39,41,5,6,34,35,1,Train/1/00001_00001_00013.png
40,42,5,6,35,36,1,Train/1/00001_00001_00014.png
42,43,5,6,37,38,1,Train/1/00001_00001_00015.png
44,45,5,6,38,39,1,Train/1/00001_00001_00016.png
44,46,5,6,39,40,1,Train/1/00001_00001_00017.png
46,46,6,6,41,41,1,Train/1/00001_00001_00018.png
48,46,6,5,42,41,1,Train/1/00001_00001_00019.png
48,48,5,5,43,43,1,Train/1/00001_00001_00020.png
51,50,6,5,46,45,1,Train/1/00001_00001_00021.png
53,53,6,6,48,48,1,Train/1/00001_00001_00022.png
55,54,6,6,49,49,1,Train/1/00001_00001_00023.png
57,55,6,5,52,49,1,Train/1/00001_00001_00024.png
59,57,6,6,54,52,1,Train/1/00001_00001_00025.png
61,57,6,5,56,52,1,Train/1/00001_00001_00026.png
63,60,5,5,58,54,1,Train/1/00001_00001_00027.png
68,61,7,5,62,56,1,Train/1/00001_00001_00028.png
71,67,6,6,65,61,1,Train/1/00001_00001_00029.png
46,48,6,6,41,43,1,Train/1/00001_00002_00000.png
45,47,5,5,40,42,1,Train/1/00001_00002_00001.png
46,48,6,6,41,43,1,Train/1/00001_00002_00002.png
46,47,6,5,41,42,1,Train/1/00001_00002_00003.png
46,47,6,5,41,42,1,Train/1/00001_00002_00004.png
46,48,6,6,41,43,1,Train/1/00001_00002_00005.png
47,49,5,5,41,43,1,Train/1/00001_00002_00006.png
50,50,6,5,45,45,1,Train/1/00001_00002_00007.png
50,51,6,6,45,46,1,Train/1/00001_00002_00008.png
49,50,5,5,44,45,1,Train/1/00001_00002_00009.png
50,51,6,5,45,45,1,Train/1/00001_00002_00010.png
52,53,6,5,47,47,1,Train/1/00001_00002_00011.png
52,55,5,6,47,50,1,Train/1/00001_00002_00012.png
52,55,5,6,47,50,1,Train/1/00001_00002_00013.png
54,56,6,6,49,51,1,Train/1/00001_00002_00014.png
52,55,6,5,47,50,1,Train/1/00001_00002_00015.png
53,55,6,5,47,49,1,Train/1/00001_00002_00016.png
54,56,6,6,48,50,1,Train/1/00001_00002_00017.png
56,57,6,6,50,52,1,Train/1/00001_00002_00018.png
57,56,6,5,52,51,1,Train/1/00001_00002_00019.png
57,57,6,6,52,52,1,Train/1/00001_00002_00020.png
58,58,6,6,53,53,1,Train/1/00001_00002_00021.png
60,59,5,5,54,54,1,Train/1/00001_00002_00022.png
62,63,5,6,57,58,1,Train/1/00001_00002_00023.png
63,64,5,6,58,59,1,Train/1/00001_00002_00024.png
63,64,5,6,58,59,1,Train/1/00001_00002_00025.png
64,64,5,6,59,59,1,Train/1/00001_00002_00026.png
70,68,6,7,64,62,1,Train/1/00001_00002_00027.png
72,69,6,6,66,63,1,Train/1/00001_00002_00028.png
74,70,7,6,68,64,1,Train/1/00001_00002_00029.png
25,26,5,6,20,21,1,Train/1/00001_00003_00000.png
27,27,6,6,21,22,1,Train/1/00001_00003_00001.png
27,27,6,5,21,21,1,Train/1/00001_00003_00002.png
28,28,6,5,22,22,1,Train/1/00001_00003_00003.png
27,30,5,6,22,24,1,Train/1/00001_00003_00004.png
29,31,5,6,23,25,1,Train/1/00001_00003_00005.png
29,32,5,6,24,26,1,Train/1/00001_00003_00006.png
33,33,6,6,28,27,1,Train/1/00001_00003_00007.png
34,33,6,6,29,28,1,Train/1/00001_00003_00008.png
35,35,6,6,29,29,1,Train/1/00001_00003_00009.png
36,37,5,6,30,31,1,Train/1/00001_00003_00010.png
37,38,5,6,31,32,1,Train/1/00001_00003_00011.png
37,37,5,5,32,32,1,Train/1/00001_00003_00012.png
37,39,5,6,32,33,1,Train/1/00001_00003_00013.png
39,39,6,6,34,34,1,Train/1/00001_00003_00014.png
41,41,6,6,36,36,1,Train/1/00001_00003_00015.png
42,43,5,6,37,38,1,Train/1/00001_00003_00016.png
46,45,5,5,40,40,1,Train/1/00001_00003_00017.png
50,49,6,5,45,44,1,Train/1/00001_00003_00018.png
54,53,6,5,49,48,1,Train/1/00001_00003_00019.png
54,56,5,6,48,50,1,Train/1/00001_00003_00020.png
58,59,6,6,52,53,1,Train/1/00001_00003_00021.png
63,64,6,6,58,59,1,Train/1/00001_00003_00022.png
70,72,6,7,64,66,1,Train/1/00001_00003_00023.png
76,79,6,7,70,72,1,Train/1/00001_00003_00024.png
86,86,8,7,79,79,1,Train/1/00001_00003_00025.png
98,98,9,9,89,90,1,Train/1/00001_00003_00026.png
114,117,10,10,104,106,1,Train/1/00001_00003_00027.png
134,141,11,13,122,128,1,Train/1/00001_00003_00028.png
164,170,15,14,150,156,1,Train/1/00001_00003_00029.png
40,40,6,5,35,35,1,Train/1/00001_00004_00000.png
41,42,5,6,36,37,1,Train/1/00001_00004_00001.png
43,42,6,5,38,37,1,Train/1/00001_00004_00002.png
44,46,5,5,39,41,1,Train/1/00001_00004_00003.png
49,47,6,5,44,42,1,Train/1/00001_00004_00004.png
52,51,6,5,47,46,1,Train/1/00001_00004_00005.png
53,52,6,5,48,47,1,Train/1/00001_00004_00006.png
60,61,5,5,55,56,1,Train/1/00001_00004_00007.png
62,65,5,6,57,60,1,Train/1/00001_00004_00008.png
73,75,6,7,67,69,1,Train/1/00001_00004_00009.png
83,80,8,7,76,73,1,Train/1/00001_00004_00010.png
92,88,9,7,84,81,1,Train/1/00001_00004_00011.png
28,29,5,5,23,24,1,Train/1/00001_00004_00012.png
31,32,6,6,26,27,1,Train/1/00001_00004_00013.png
31,32,5,6,26,27,1,Train/1/00001_00004_00014.png
33,32,6,5,28,27,1,Train/1/00001_00004_00015.png
32,32,6,5,27,27,1,Train/1/00001_00004_00016.png
34,35,6,6,29,30,1,Train/1/00001_00004_00017.png
34,36,5,6,29,31,1,Train/1/00001_00004_00018.png
36,37,6,6,31,32,1,Train/1/00001_00004_00019.png
37,38,5,6,32,33,1,Train/1/00001_00004_00020.png
39,39,5,5,34,34,1,Train/1/00001_00004_00021.png
41,41,6,6,36,36,1,Train/1/00001_00004_00022.png
44,43,6,5,39,38,1,Train/1/00001_00004_00023.png
47,46,6,5,42,41,1,Train/1/00001_00004_00024.png
48,48,6,6,43,43,1,Train/1/00001_00004_00025.png
50,51,6,6,45,46,1,Train/1/00001_00004_00026.png
55,55,6,6,50,50,1,Train/1/00001_00004_00027.png
59,59,6,6,54,54,1,Train/1/00001_00004_00028.png
63,64,5,6,58,59,1,Train/1/00001_00004_00029.png
30,28,6,5,25,23,1,Train/1/00001_00005_00000.png
29,30,5,5,24,25,1,Train/1/00001_00005_00001.png
29,31,5,6,24,26,1,Train/1/00001_00005_00002.png
30,30,5,5,25,25,1,Train/1/00001_00005_00003.png
32,31,6,5,26,25,1,Train/1/00001_00005_00004.png
33,32,6,5,28,27,1,Train/1/00001_00005_00005.png
32,34,5,6,27,29,1,Train/1/00001_00005_00006.png
34,32,6,6,29,27,1,Train/1/00001_00005_00007.png
33,35,5,6,28,29,1,Train/1/00001_00005_00008.png
34,35,5,6,29,30,1,Train/1/00001_00005_00009.png
36,36,6,6,31,31,1,Train/1/00001_00005_00010.png
38,38,6,6,32,32,1,Train/1/00001_00005_00011.png
39,39,5,6,33,34,1,Train/1/00001_00005_00012.png
39,40,5,6,34,35,1,Train/1/00001_00005_00013.png
42,40,5,6,37,35,1,Train/1/00001_00005_00014.png
43,43,6,6,38,38,1,Train/1/00001_00005_00015.png
46,44,6,5,41,39,1,Train/1/00001_00005_00016.png
47,46,5,5,41,40,1,Train/1/00001_00005_00017.png
49,47,5,5,43,42,1,Train/1/00001_00005_00018.png
51,50,6,6,46,45,1,Train/1/00001_00005_00019.png
50,49,5,5,45,44,1,Train/1/00001_00005_00020.png
53,52,5,5,48,47,1,Train/1/00001_00005_00021.png
55,53,6,5,50,48,1,Train/1/00001_00005_00022.png
57,55,6,5,52,50,1,Train/1/00001_00005_00023.png
58,57,6,5,53,52,1,Train/1/00001_00005_00024.png
59,57,5,5,53,52,1,Train/1/00001_00005_00025.png
61,59,6,6,55,54,1,Train/1/00001_00005_00026.png
62,62,5,6,57,57,1,Train/1/00001_00005_00027.png
63,63,5,6,57,57,1,Train/1/00001_00005_00028.png
64,63,5,6,58,58,1,Train/1/00001_00005_00029.png
44,50,6,6,39,45,1,Train/1/00001_00006_00000.png
43,49,5,5,38,44,1,Train/1/00001_00006_00001.png
44,50,6,5,39,45,1,Train/1/00001_00006_00002.png
43,50,5,5,38,45,1,Train/1/00001_00006_00003.png
43,51,5,5,38,45,1,Train/1/00001_00006_00004.png
44,51,5,5,39,46,1,Train/1/00001_00006_00005.png
46,53,6,5,40,47,1,Train/1/00001_00006_00006.png
46,54,5,6,40,49,1,Train/1/00001_00006_00007.png
46,55,5,6,41,50,1,Train/1/00001_00006_00008.png
47,56,5,6,42,51,1,Train/1/00001_00006_00009.png
50,58,6,6,44,53,1,Train/1/00001_00006_00010.png
50,59,5,5,44,53,1,Train/1/00001_00006_00011.png
51,59,5,5,45,54,1,Train/1/00001_00006_00012.png
52,62,5,6,47,57,1,Train/1/00001_00006_00013.png
55,63,6,5,49,58,1,Train/1/00001_00006_00014.png
55,67,5,6,50,61,1,Train/1/00001_00006_00015.png
57,70,5,7,52,64,1,Train/1/00001_00006_00016.png
61,72,6,6,55,65,1,Train/1/00001_00006_00017.png
62,76,5,7,57,69,1,Train/1/00001_00006_00018.png
64,77,5,7,59,71,1,Train/1/00001_00006_00019.png
69,81,6,7,63,74,1,Train/1/00001_00006_00020.png
73,84,7,7,67,77,1,Train/1/00001_00006_00021.png
76,89,6,8,70,82,1,Train/1/00001_00006_00022.png
83,95,7,8,76,87,1,Train/1/00001_00006_00023.png
88,101,7,9,81,93,1,Train/1/00001_00006_00024.png
96,108,8,9,88,99,1,Train/1/00001_00006_00025.png
106,117,10,10,97,107,1,Train/1/00001_00006_00026.png
109,123,9,11,100,112,1,Train/1/00001_00006_00027.png
122,135,10,12,112,123,1,Train/1/00001_00006_00028.png
140,148,13,13,128,136,1,Train/1/00001_00006_00029.png
50,49,5,5,45,44,1,Train/1/00001_00007_00000.png
51,51,5,6,46,46,1,Train/1/00001_00007_00001.png
52,52,5,5,47,46,1,Train/1/00001_00007_00002.png
53,53,5,5,48,47,1,Train/1/00001_00007_00003.png
54,54,5,5,49,49,1,Train/1/00001_00007_00004.png
55,56,5,6,50,50,1,Train/1/00001_00007_00005.png
56,56,5,6,51,51,1,Train/1/00001_00007_00006.png
57,57,5,6,52,52,1,Train/1/00001_00007_00007.png
58,58,5,6,53,53,1,Train/1/00001_00007_00008.png
59,59,5,6,54,54,1,Train/1/00001_00007_00009.png
60,59,5,5,55,54,1,Train/1/00001_00007_00010.png
61,62,5,6,56,56,1,Train/1/00001_00007_00011.png
62,63,5,6,57,57,1,Train/1/00001_00007_00012.png
64,64,5,6,59,59,1,Train/1/00001_00007_00013.png
69,64,7,5,62,59,1,Train/1/00001_00007_00014.png
69,67,6,6,63,61,1,Train/1/00001_00007_00015.png
71,69,6,6,65,62,1,Train/1/00001_00007_00016.png
74,71,7,7,68,65,1,Train/1/00001_00007_00017.png
75,72,6,6,69,66,1,Train/1/00001_00007_00018.png
80,75,8,7,73,69,1,Train/1/00001_00007_00019.png
82,77,8,7,75,71,1,Train/1/00001_00007_00020.png
84,81,7,8,76,74,1,Train/1/00001_00007_00021.png
86,83,7,7,79,76,1,Train/1/00001_00007_00022.png
88,84,8,7,81,77,1,Train/1/00001_00007_00023.png
88,86,7,7,81,79,1,Train/1/00001_00007_00024.png
95,92,9,9,86,84,1,Train/1/00001_00007_00025.png
97,96,8,9,89,88,1,Train/1/00001_00007_00026.png
100,98,8,8,92,90,1,Train/1/00001_00007_00027.png
107,104,10,9,98,95,1,Train/1/00001_00007_00028.png
112,110,10,10,103,101,1,Train/1/00001_00007_00029.png
44,47,5,5,39,42,1,Train/1/00001_00008_00000.png
44,46,6,5,39,41,1,Train/1/00001_00008_00001.png
43,46,5,5,38,41,1,Train/1/00001_00008_00002.png
43,47,5,5,38,42,1,Train/1/00001_00008_00003.png
43,47,5,5,38,42,1,Train/1/00001_00008_00004.png
43,47,5,5,38,42,1,Train/1/00001_00008_00005.png
46,50,6,6,41,45,1,Train/1/00001_00008_00006.png
46,49,6,5,41,44,1,Train/1/00001_00008_00007.png
45,49,5,6,40,44,1,Train/1/00001_00008_00008.png
46,51,5,5,41,46,1,Train/1/00001_00008_00009.png
47,51,6,5,42,46,1,Train/1/00001_00008_00010.png
48,51,6,5,43,46,1,Train/1/00001_00008_00011.png
47,50,6,5,42,45,1,Train/1/00001_00008_00012.png
49,53,5,6,44,48,1,Train/1/00001_00008_00013.png
48,52,5,5,43,47,1,Train/1/00001_00008_00014.png
48,55,5,6,43,50,1,Train/1/00001_00008_00015.png
51,54,5,5,46,49,1,Train/1/00001_00008_00016.png
51,56,5,5,46,51,1,Train/1/00001_00008_00017.png
51,56,5,5,46,51,1,Train/1/00001_00008_00018.png
54,58,6,5,49,53,1,Train/1/00001_00008_00019.png
53,59,5,5,48,54,1,Train/1/00001_00008_00020.png
53,59,5,5,48,54,1,Train/1/00001_00008_00021.png
56,61,6,5,51,56,1,Train/1/00001_00008_00022.png
57,62,6,5,52,57,1,Train/1/00001_00008_00023.png
57,62,5,5,52,57,1,Train/1/00001_00008_00024.png
60,64,6,5,55,59,1,Train/1/00001_00008_00025.png
60,65,6,6,55,60,1,Train/1/00001_00008_00026.png
62,70,6,7,57,64,1,Train/1/00001_00008_00027.png
64,72,6,7,59,66,1,Train/1/00001_00008_00028.png
68,74,7,6,62,68,1,Train/1/00001_00008_00029.png
28,30,5,6,23,25,1,Train/1/00001_00009_00000.png
28,29,5,5,23,24,1,Train/1/00001_00009_00001.png
30,30,6,5,25,24,1,Train/1/00001_00009_00002.png
30,31,5,6,25,26,1,Train/1/00001_00009_00003.png
31,31,5,5,25,25,1,Train/1/00001_00009_00004.png
33,33,6,6,27,28,1,Train/1/00001_00009_00005.png
33,34,6,6,28,29,1,Train/1/00001_00009_00006.png
34,33,6,5,28,27,1,Train/1/00001_00009_00007.png
33,33,5,5,28,28,1,Train/1/00001_00009_00008.png
34,34,5,6,29,29,1,Train/1/00001_00009_00009.png
35,34,5,5,30,29,1,Train/1/00001_00009_00010.png
36,36,5,6,30,30,1,Train/1/00001_00009_00011.png
38,37,6,6,33,32,1,Train/1/00001_00009_00012.png
38,37,5,5,33,32,1,Train/1/00001_00009_00013.png
39,39,6,6,34,34,1,Train/1/00001_00009_00014.png
40,40,6,6,35,35,1,Train/1/00001_00009_00015.png
41,40,6,5,36,35,1,Train/1/00001_00009_00016.png
42,42,6,6,37,37,1,Train/1/00001_00009_00017.png
43,44,5,6,38,39,1,Train/1/00001_00009_00018.png
45,44,5,5,40,39,1,Train/1/00001_00009_00019.png
46,45,5,5,41,40,1,Train/1/00001_00009_00020.png
47,47,5,5,42,41,1,Train/1/00001_00009_00021.png
51,50,5,5,46,45,1,Train/1/00001_00009_00022.png
55,53,6,5,50,48,1,Train/1/00001_00009_00023.png
57,55,6,5,52,50,1,Train/1/00001_00009_00024.png
57,58,5,6,52,53,1,Train/1/00001_00009_00025.png
59,60,5,5,54,55,1,Train/1/00001_00009_00026.png
63,64,5,6,58,59,1,Train/1/00001_00009_00027.png
69,68,7,6,63,62,1,Train/1/00001_00009_00028.png
73,71,7,6,67,65,1,Train/1/00001_00009_00029.png
29,28,6,6,24,23,1,Train/1/00001_00010_00000.png
31,29,6,6,25,24,1,Train/1/00001_00010_00001.png
31,30,6,5,26,24,1,Train/1/00001_00010_00002.png
31,31,6,6,26,26,1,Train/1/00001_00010_00003.png
30,29,6,5,25,24,1,Train/1/00001_00010_00004.png
31,31,6,6,26,26,1,Train/1/00001_00010_00005.png
30,32,5,6,25,26,1,Train/1/00001_00010_00006.png
32,32,6,6,27,27,1,Train/1/00001_00010_00007.png
32,34,5,6,27,28,1,Train/1/00001_00010_00008.png
34,33,6,5,29,28,1,Train/1/00001_00010_00009.png
36,34,6,6,30,29,1,Train/1/00001_00010_00010.png
36,35,6,5,31,29,1,Train/1/00001_00010_00011.png
37,36,6,5,32,30,1,Train/1/00001_00010_00012.png
37,38,5,6,32,33,1,Train/1/00001_00010_00013.png
37,37,5,5,32,32,1,Train/1/00001_00010_00014.png
39,39,6,5,34,33,1,Train/1/00001_00010_00015.png
41,41,6,6,36,36,1,Train/1/00001_00010_00016.png
41,42,5,5,36,36,1,Train/1/00001_00010_00017.png
44,44,6,6,39,39,1,Train/1/00001_00010_00018.png
45,45,6,5,40,39,1,Train/1/00001_00010_00019.png
47,47,6,5,42,42,1,Train/1/00001_00010_00020.png
48,49,5,6,43,44,1,Train/1/00001_00010_00021.png
51,51,6,6,46,46,1,Train/1/00001_00010_00022.png
54,53,6,5,49,48,1,Train/1/00001_00010_00023.png
57,56,6,5,52,51,1,Train/1/00001_00010_00024.png
60,59,6,5,55,54,1,Train/1/00001_00010_00025.png
64,64,5,5,59,59,1,Train/1/00001_00010_00026.png
71,71,7,7,65,65,1,Train/1/00001_00010_00027.png
76,76,7,7,70,70,1,Train/1/00001_00010_00028.png
84,86,7,8,77,79,1,Train/1/00001_00010_00029.png
27,28,5,5,22,23,1,Train/1/00001_00011_00000.png
29,29,6,5,24,24,1,Train/1/00001_00011_00001.png
29,31,5,6,24,26,1,Train/1/00001_00011_00002.png
30,33,5,6,25,28,1,Train/1/00001_00011_00003.png
31,33,6,5,26,27,1,Train/1/00001_00011_00004.png
29,31,5,5,24,26,1,Train/1/00001_00011_00005.png
30,32,5,5,25,27,1,Train/1/00001_00011_00006.png
31,33,5,5,26,28,1,Train/1/00001_00011_00007.png
33,35,5,5,28,30,1,Train/1/00001_00011_00008.png
35,36,5,5,30,31,1,Train/1/00001_00011_00009.png
36,37,6,6,31,32,1,Train/1/00001_00011_00010.png
37,36,6,5,32,31,1,Train/1/00001_00011_00011.png
38,39,6,6,33,33,1,Train/1/00001_00011_00012.png
40,40,6,6,34,34,1,Train/1/00001_00011_00013.png
40,40,5,5,35,35,1,Train/1/00001_00011_00014.png
41,42,5,6,36,37,1,Train/1/00001_00011_00015.png
42,42,5,5,37,37,1,Train/1/00001_00011_00016.png
45,43,6,6,40,38,1,Train/1/00001_00011_00017.png
47,45,6,6,42,40,1,Train/1/00001_00011_00018.png
48,46,6,5,43,40,1,Train/1/00001_00011_00019.png
50,48,5,5,45,43,1,Train/1/00001_00011_00020.png
54,52,6,6,49,47,1,Train/1/00001_00011_00021.png
57,55,6,6,51,50,1,Train/1/00001_00011_00022.png
59,58,6,6,54,53,1,Train/1/00001_00011_00023.png
64,63,5,5,58,57,1,Train/1/00001_00011_00024.png
73,71,7,7,66,65,1,Train/1/00001_00011_00025.png
79,77,7,7,72,71,1,Train/1/00001_00011_00026.png
91,88,8,7,83,81,1,Train/1/00001_00011_00027.png
104,107,9,10,95,97,1,Train/1/00001_00011_00028.png
121,124,11,10,111,113,1,Train/1/00001_00011_00029.png
28,30,5,6,23,25,1,Train/1/00001_00012_00000.png
28,29,5,5,23,24,1,Train/1/00001_00012_00001.png
28,29,5,5,23,24,1,Train/1/00001_00012_00002.png
30,31,6,5,24,25,1,Train/1/00001_00012_00003.png
30,32,6,6,25,27,1,Train/1/00001_00012_00004.png
30,32,6,6,25,27,1,Train/1/00001_00012_00005.png
30,32,5,6,24,27,1,Train/1/00001_00012_00006.png
33,34,6,5,28,29,1,Train/1/00001_00012_00007.png
33,34,6,5,28,29,1,Train/1/00001_00012_00008.png
34,36,6,6,29,31,1,Train/1/00001_00012_00009.png
35,36,6,5,30,31,1,Train/1/00001_00012_00010.png
37,37,6,5,32,32,1,Train/1/00001_00012_00011.png
37,38,5,5,32,33,1,Train/1/00001_00012_00012.png
38,40,5,6,32,34,1,Train/1/00001_00012_00013.png
39,41,5,6,33,35,1,Train/1/00001_00012_00014.png
41,42,5,6,35,37,1,Train/1/00001_00012_00015.png
43,43,6,5,38,38,1,Train/1/00001_00012_00016.png
44,45,5,5,39,40,1,Train/1/00001_00012_00017.png
45,48,5,6,40,42,1,Train/1/00001_00012_00018.png
49,48,6,5,43,43,1,Train/1/00001_00012_00019.png
52,51,5,5,46,46,1,Train/1/00001_00012_00020.png
54,53,5,5,49,48,1,Train/1/00001_00012_00021.png
57,56,5,5,51,50,1,Train/1/00001_00012_00022.png
60,60,6,6,55,55,1,Train/1/00001_00012_00023.png
64,63,6,5,59,58,1,Train/1/00001_00012_00024.png
68,69,6,7,62,63,1,Train/1/00001_00012_00025.png
74,75,6,7,68,69,1,Train/1/00001_00012_00026.png
84,83,8,7,77,76,1,Train/1/00001_00012_00027.png
97,97,8,9,88,89,1,Train/1/00001_00012_00028.png
108,109,9,10,99,100,1,Train/1/00001_00012_00029.png
42,42,5,5,37,37,1,Train/1/00001_00013_00000.png
43,43,5,5,38,38,1,Train/1/00001_00013_00001.png
44,43,6,5,39,38,1,Train/1/00001_00013_00002.png
45,44,6,5,39,38,1,Train/1/00001_00013_00003.png
45,46,5,6,40,41,1,Train/1/00001_00013_00004.png
45,45,5,5,40,40,1,Train/1/00001_00013_00005.png
46,45,6,5,41,40,1,Train/1/00001_00013_00006.png
47,46,6,5,42,41,1,Train/1/00001_00013_00007.png
47,48,5,6,41,42,1,Train/1/00001_00013_00008.png
47,49,5,6,42,43,1,Train/1/00001_00013_00009.png
48,49,5,6,43,44,1,Train/1/00001_00013_00010.png
50,51,6,6,44,45,1,Train/1/00001_00013_00011.png
50,52,6,6,45,46,1,Train/1/00001_00013_00012.png
50,52,6,6,45,47,1,Train/1/00001_00013_00013.png
51,54,6,6,45,48,1,Train/1/00001_00013_00014.png
52,54,5,5,47,49,1,Train/1/00001_00013_00015.png
53,56,5,5,48,50,1,Train/1/00001_00013_00016.png
55,58,5,6,50,53,1,Train/1/00001_00013_00017.png
56,60,5,6,51,54,1,Train/1/00001_00013_00018.png
58,60,5,5,52,54,1,Train/1/00001_00013_00019.png
58,61,5,5,53,56,1,Train/1/00001_00013_00020.png
60,63,5,5,55,58,1,Train/1/00001_00013_00021.png
62,66,6,6,57,60,1,Train/1/00001_00013_00022.png
64,69,6,7,59,63,1,Train/1/00001_00013_00023.png
69,71,6,7,62,65,1,Train/1/00001_00013_00024.png
72,74,6,6,66,68,1,Train/1/00001_00013_00025.png
75,80,6,8,69,73,1,Train/1/00001_00013_00026.png
81,82,8,7,74,75,1,Train/1/00001_00013_00027.png
84,86,7,7,77,79,1,Train/1/00001_00013_00028.png
92,93,9,8,84,85,1,Train/1/00001_00013_00029.png
30,28,5,5,25,23,1,Train/1/00001_00014_00000.png
30,28,5,5,24,23,1,Train/1/00001_00014_00001.png
30,31,5,6,24,25,1,Train/1/00001_00014_00002.png
32,31,6,5,26,25,1,Train/1/00001_00014_00003.png
32,31,6,5,27,26,1,Train/1/00001_00014_00004.png
31,32,5,6,26,27,1,Train/1/00001_00014_00005.png
33,32,6,5,27,26,1,Train/1/00001_00014_00006.png
33,32,6,5,28,27,1,Train/1/00001_00014_00007.png
32,33,5,6,27,28,1,Train/1/00001_00014_00008.png
34,33,6,5,29,28,1,Train/1/00001_00014_00009.png
34,34,5,5,29,29,1,Train/1/00001_00014_00010.png
36,36,5,5,30,30,1,Train/1/00001_00014_00011.png
38,38,6,6,32,32,1,Train/1/00001_00014_00012.png
38,39,5,6,33,34,1,Train/1/00001_00014_00013.png
39,40,5,6,34,35,1,Train/1/00001_00014_00014.png
40,40,6,6,35,35,1,Train/1/00001_00014_00015.png
40,39,6,5,35,34,1,Train/1/00001_00014_00016.png
41,41,5,5,35,35,1,Train/1/00001_00014_00017.png
42,42,5,5,37,37,1,Train/1/00001_00014_00018.png
44,44,5,5,39,39,1,Train/1/00001_00014_00019.png
46,46,5,5,40,41,1,Train/1/00001_00014_00020.png
48,49,6,5,43,43,1,Train/1/00001_00014_00021.png
50,51,5,5,45,46,1,Train/1/00001_00014_00022.png
54,57,5,6,49,52,1,Train/1/00001_00014_00023.png
61,61,5,6,55,55,1,Train/1/00001_00014_00024.png
68,63,6,5,62,58,1,Train/1/00001_00014_00025.png
75,71,6,6,68,65,1,Train/1/00001_00014_00026.png
82,76,7,7,75,70,1,Train/1/00001_00014_00027.png
94,84,8,7,86,77,1,Train/1/00001_00014_00028.png
124,105,11,9,114,95,1,Train/1/00001_00014_00029.png
25,27,5,5,20,21,1,Train/1/00001_00015_00000.png
27,28,6,6,22,22,1,Train/1/00001_00015_00001.png
27,27,6,5,22,21,1,Train/1/00001_00015_00002.png
26,28,5,5,21,22,1,Train/1/00001_00015_00003.png
29,29,6,6,23,24,1,Train/1/00001_00015_00004.png
28,28,5,5,23,23,1,Train/1/00001_00015_00005.png
29,29,5,5,23,23,1,Train/1/00001_00015_00006.png
30,32,6,6,25,26,1,Train/1/00001_00015_00007.png
32,32,6,5,26,26,1,Train/1/00001_00015_00008.png
33,34,6,6,27,28,1,Train/1/00001_00015_00009.png
32,34,5,5,27,28,1,Train/1/00001_00015_00010.png
34,36,6,6,29,30,1,Train/1/00001_00015_00011.png
35,37,5,6,30,31,1,Train/1/00001_00015_00012.png
36,38,5,6,31,32,1,Train/1/00001_00015_00013.png
39,39,5,5,33,33,1,Train/1/00001_00015_00014.png
41,40,6,5,36,34,1,Train/1/00001_00015_00015.png
43,41,6,5,38,36,1,Train/1/00001_00015_00016.png
44,44,5,5,39,38,1,Train/1/00001_00015_00017.png
46,46,5,5,40,40,1,Train/1/00001_00015_00018.png
47,48,5,5,42,42,1,Train/1/00001_00015_00019.png
50,50,6,5,45,44,1,Train/1/00001_00015_00020.png
53,53,6,6,48,48,1,Train/1/00001_00015_00021.png
56,56,6,6,51,51,1,Train/1/00001_00015_00022.png
60,61,5,6,55,56,1,Train/1/00001_00015_00023.png
68,69,7,7,62,63,1,Train/1/00001_00015_00024.png
76,76,6,6,69,70,1,Train/1/00001_00015_00025.png
85,87,7,8,78,80,1,Train/1/00001_00015_00026.png
100,100,8,8,92,92,1,Train/1/00001_00015_00027.png
121,120,10,11,110,110,1,Train/1/00001_00015_00028.png
144,144,12,12,131,131,1,Train/1/00001_00015_00029.png
33,35,6,6,28,30,1,Train/1/00001_00016_00000.png
34,34,6,6,29,29,1,Train/1/00001_00016_00001.png
35,34,6,5,29,28,1,Train/1/00001_00016_00002.png
35,36,5,6,30,31,1,Train/1/00001_00016_00003.png
37,37,6,6,32,32,1,Train/1/00001_00016_00004.png
37,37,6,6,32,32,1,Train/1/00001_00016_00005.png
37,38,5,6,32,33,1,Train/1/00001_00016_00006.png
37,38,5,6,32,33,1,Train/1/00001_00016_00007.png
37,39,5,6,32,34,1,Train/1/00001_00016_00008.png
39,41,6,6,34,36,1,Train/1/00001_00016_00009.png
40,42,6,6,35,37,1,Train/1/00001_00016_00010.png
42,41,6,5,36,36,1,Train/1/00001_00016_00011.png
42,43,6,6,37,37,1,Train/1/00001_00016_00012.png
44,43,5,5,38,38,1,Train/1/00001_00016_00013.png
46,45,6,5,40,39,1,Train/1/00001_00016_00014.png
47,46,6,5,41,40,1,Train/1/00001_00016_00015.png
47,47,5,5,42,42,1,Train/1/00001_00016_00016.png
49,48,6,5,44,43,1,Train/1/00001_00016_00017.png
51,51,6,6,46,46,1,Train/1/00001_00016_00018.png
52,52,5,5,47,47,1,Train/1/00001_00016_00019.png
53,54,5,6,48,49,1,Train/1/00001_00016_00020.png
56,57,5,6,51,52,1,Train/1/00001_00016_00021.png
59,58,6,5,54,53,1,Train/1/00001_00016_00022.png
63,63,6,5,58,57,1,Train/1/00001_00016_00023.png
68,69,6,7,62,63,1,Train/1/00001_00016_00024.png
71,72,6,7,65,66,1,Train/1/00001_00016_00025.png
74,77,6,7,68,70,1,Train/1/00001_00016_00026.png
82,81,7,7,74,74,1,Train/1/00001_00016_00027.png
91,92,8,9,83,84,1,Train/1/00001_00016_00028.png
98,98,9,9,90,90,1,Train/1/00001_00016_00029.png
32,33,5,6,27,28,1,Train/1/00001_00017_00000.png
34,34,6,6,29,29,1,Train/1/00001_00017_00001.png
34,34,6,6,29,29,1,Train/1/00001_00017_00002.png
35,36,5,6,30,31,1,Train/1/00001_00017_00003.png
35,35,5,5,30,30,1,Train/1/00001_00017_00004.png
35,35,5,5,30,30,1,Train/1/00001_00017_00005.png
35,36,5,5,30,30,1,Train/1/00001_00017_00006.png
36,37,5,6,31,32,1,Train/1/00001_00017_00007.png
38,39,5,6,32,33,1,Train/1/00001_00017_00008.png
39,38,6,5,34,33,1,Train/1/00001_00017_00009.png
41,40,6,5,35,34,1,Train/1/00001_00017_00010.png
41,42,5,6,35,36,1,Train/1/00001_00017_00011.png
42,41,6,5,37,36,1,Train/1/00001_00017_00012.png
43,43,6,6,38,38,1,Train/1/00001_00017_00013.png
45,44,6,5,40,39,1,Train/1/00001_00017_00014.png
45,46,5,5,40,41,1,Train/1/00001_00017_00015.png
46,48,5,6,41,43,1,Train/1/00001_00017_00016.png
49,51,6,6,44,46,1,Train/1/00001_00017_00017.png
50,53,5,6,45,48,1,Train/1/00001_00017_00018.png
53,54,5,5,47,49,1,Train/1/00001_00017_00019.png
55,57,5,6,50,51,1,Train/1/00001_00017_00020.png
58,57,6,5,53,51,1,Train/1/00001_00017_00021.png
61,61,6,6,55,56,1,Train/1/00001_00017_00022.png
62,63,5,5,57,58,1,Train/1/00001_00017_00023.png
67,69,6,6,61,63,1,Train/1/00001_00017_00024.png
69,72,6,7,63,66,1,Train/1/00001_00017_00025.png
75,77,7,7,69,71,1,Train/1/00001_00017_00026.png
84,85,7,7,77,78,1,Train/1/00001_00017_00027.png
92,94,8,8,84,86,1,Train/1/00001_00017_00028.png
100,104,8,9,92,95,1,Train/1/00001_00017_00029.png
37,38,5,5,32,33,1,Train/1/00001_00018_00000.png
39,40,6,6,33,34,1,Train/1/00001_00018_00001.png
39,40,6,5,34,34,1,Train/1/00001_00018_00002.png
40,41,6,6,35,36,1,Train/1/00001_00018_00003.png
41,43,6,6,36,37,1,Train/1/00001_00018_00004.png
43,44,6,5,38,39,1,Train/1/00001_00018_00005.png
45,46,6,5,40,41,1,Train/1/00001_00018_00006.png
46,46,5,5,40,41,1,Train/1/00001_00018_00007.png
47,48,5,5,41,42,1,Train/1/00001_00018_00008.png
49,49,6,5,44,44,1,Train/1/00001_00018_00009.png
50,52,5,6,44,46,1,Train/1/00001_00018_00010.png
53,52,6,5,47,47,1,Train/1/00001_00018_00011.png
55,55,6,6,50,50,1,Train/1/00001_00018_00012.png
57,56,6,6,52,51,1,Train/1/00001_00018_00013.png
57,59,5,6,52,54,1,Train/1/00001_00018_00014.png
60,61,6,5,55,55,1,Train/1/00001_00018_00015.png
62,64,5,6,57,59,1,Train/1/00001_00018_00016.png
67,68,6,6,61,62,1,Train/1/00001_00018_00017.png
71,71,7,7,65,65,1,Train/1/00001_00018_00018.png
74,75,7,7,68,68,1,Train/1/00001_00018_00019.png
76,81,6,8,69,73,1,Train/1/00001_00018_00020.png
81,83,7,7,74,76,1,Train/1/00001_00018_00021.png
85,87,8,7,78,80,1,Train/1/00001_00018_00022.png
87,93,7,9,80,85,1,Train/1/00001_00018_00023.png
94,97,8,8,86,89,1,Train/1/00001_00018_00024.png
98,103,8,9,90,94,1,Train/1/00001_00018_00025.png
106,108,10,9,97,99,1,Train/1/00001_00018_00026.png
109,114,9,10,100,104,1,Train/1/00001_00018_00027.png
118,121,10,11,108,111,1,Train/1/00001_00018_00028.png
124,129,11,11,114,118,1,Train/1/00001_00018_00029.png
29,29,6,6,24,24,1,Train/1/00001_00019_00000.png
29,29,6,6,24,24,1,Train/1/00001_00019_00001.png
28,29,6,6,23,24,1,Train/1/00001_00019_00002.png
30,30,5,5,25,25,1,Train/1/00001_00019_00003.png
30,31,5,6,25,26,1,Train/1/00001_00019_00004.png
30,31,5,5,25,26,1,Train/1/00001_00019_00005.png
31,31,6,5,26,26,1,Train/1/00001_00019_00006.png
31,32,6,6,26,27,1,Train/1/00001_00019_00007.png
32,32,6,5,27,27,1,Train/1/00001_00019_00008.png
33,33,6,5,28,28,1,Train/1/00001_00019_00009.png
32,34,5,6,27,29,1,Train/1/00001_00019_00010.png
34,35,5,6,29,30,1,Train/1/00001_00019_00011.png
36,36,5,6,30,31,1,Train/1/00001_00019_00012.png
36,36,5,5,31,31,1,Train/1/00001_00019_00013.png
36,37,5,6,31,32,1,Train/1/00001_00019_00014.png
37,37,5,5,32,32,1,Train/1/00001_00019_00015.png
40,39,6,5,35,34,1,Train/1/00001_00019_00016.png
41,40,6,5,36,35,1,Train/1/00001_00019_00017.png
41,42,5,6,36,37,1,Train/1/00001_00019_00018.png
42,42,5,5,37,37,1,Train/1/00001_00019_00019.png
43,45,5,6,38,40,1,Train/1/00001_00019_00020.png
45,46,6,6,40,41,1,Train/1/00001_00019_00021.png
46,47,6,6,41,42,1,Train/1/00001_00019_00022.png
48,49,6,6,43,44,1,Train/1/00001_00019_00023.png
50,52,5,6,45,47,1,Train/1/00001_00019_00024.png
49,52,5,6,44,47,1,Train/1/00001_00019_00025.png
53,53,5,5,48,48,1,Train/1/00001_00019_00026.png
56,55,6,5,51,50,1,Train/1/00001_00019_00027.png
60,58,6,5,55,53,1,Train/1/00001_00019_00028.png
64,63,6,6,59,58,1,Train/1/00001_00019_00029.png
44,50,5,6,39,45,1,Train/1/00001_00020_00000.png
45,50,6,6,40,45,1,Train/1/00001_00020_00001.png
46,50,6,5,40,44,1,Train/1/00001_00020_00002.png
46,51,5,6,40,46,1,Train/1/00001_00020_00003.png
47,51,6,5,42,46,1,Train/1/00001_00020_00004.png
47,52,5,5,42,47,1,Train/1/00001_00020_00005.png
49,53,6,5,44,48,1,Train/1/00001_00020_00006.png
49,53,5,5,43,48,1,Train/1/00001_00020_00007.png
50,55,5,6,44,50,1,Train/1/00001_00020_00008.png
51,54,6,5,46,49,1,Train/1/00001_00020_00009.png
54,56,6,6,49,51,1,Train/1/00001_00020_00010.png
55,56,6,5,50,51,1,Train/1/00001_00020_00011.png
55,58,5,6,49,52,1,Train/1/00001_00020_00012.png
56,58,5,5,51,53,1,Train/1/00001_00020_00013.png
57,59,5,5,52,54,1,Train/1/00001_00020_00014.png
59,61,5,6,54,56,1,Train/1/00001_00020_00015.png
59,61,5,5,54,56,1,Train/1/00001_00020_00016.png
61,62,6,5,55,56,1,Train/1/00001_00020_00017.png
62,64,5,6,57,59,1,Train/1/00001_00020_00018.png
65,65,6,6,60,60,1,Train/1/00001_00020_00019.png
68,68,7,7,62,62,1,Train/1/00001_00020_00020.png
70,70,7,7,64,64,1,Train/1/00001_00020_00021.png
69,69,6,6,63,63,1,Train/1/00001_00020_00022.png
73,72,7,6,66,65,1,Train/1/00001_00020_00023.png
75,73,7,6,69,67,1,Train/1/00001_00020_00024.png
76,75,7,6,70,69,1,Train/1/00001_00020_00025.png
79,80,7,7,72,73,1,Train/1/00001_00020_00026.png
81,80,8,7,74,73,1,Train/1/00001_00020_00027.png
83,84,8,8,76,77,1,Train/1/00001_00020_00028.png
83,85,7,8,76,78,1,Train/1/00001_00020_00029.png
27,27,6,5,21,22,1,Train/1/00001_00021_00000.png
27,28,6,5,21,22,1,Train/1/00001_00021_00001.png
27,29,6,6,22,24,1,Train/1/00001_00021_00002.png
27,30,6,6,22,24,1,Train/1/00001_00021_00003.png
28,29,6,5,23,24,1,Train/1/00001_00021_00004.png
28,29,5,5,23,24,1,Train/1/00001_00021_00005.png
29,31,5,6,23,25,1,Train/1/00001_00021_00006.png
30,31,6,5,25,25,1,Train/1/00001_00021_00007.png
30,33,5,6,25,28,1,Train/1/00001_00021_00008.png
31,33,6,6,26,28,1,Train/1/00001_00021_00009.png
32,33,6,6,26,28,1,Train/1/00001_00021_00010.png
32,33,6,5,27,27,1,Train/1/00001_00021_00011.png
32,34,6,6,27,29,1,Train/1/00001_00021_00012.png
34,36,6,6,29,31,1,Train/1/00001_00021_00013.png
34,36,5,5,29,31,1,Train/1/00001_00021_00014.png
36,36,6,5,31,31,1,Train/1/00001_00021_00015.png
38,38,6,6,32,33,1,Train/1/00001_00021_00016.png
39,39,6,5,34,34,1,Train/1/00001_00021_00017.png
40,42,6,6,35,37,1,Train/1/00001_00021_00018.png
39,42,5,6,34,37,1,Train/1/00001_00021_00019.png
42,43,6,5,37,38,1,Train/1/00001_00021_00020.png
45,47,6,6,39,41,1,Train/1/00001_00021_00021.png
47,49,6,6,42,44,1,Train/1/00001_00021_00022.png
48,50,5,5,43,45,1,Train/1/00001_00021_00023.png
50,51,5,5,44,46,1,Train/1/00001_00021_00024.png
54,54,6,5,49,49,1,Train/1/00001_00021_00025.png
57,58,6,6,52,53,1,Train/1/00001_00021_00026.png
59,59,6,5,54,54,1,Train/1/00001_00021_00027.png
62,63,5,5,57,58,1,Train/1/00001_00021_00028.png
71,74,7,7,65,68,1,Train/1/00001_00021_00029.png
31,33,6,5,26,28,1,Train/1/00001_00022_00000.png
30,35,5,6,25,29,1,Train/1/00001_00022_00001.png
33,35,6,5,27,29,1,Train/1/00001_00022_00002.png
33,36,5,6,27,31,1,Train/1/00001_00022_00003.png
34,37,5,6,29,32,1,Train/1/00001_00022_00004.png
34,37,5,6,29,32,1,Train/1/00001_00022_00005.png
36,38,5,6,30,32,1,Train/1/00001_00022_00006.png
37,38,5,6,31,33,1,Train/1/00001_00022_00007.png
37,39,5,6,32,34,1,Train/1/00001_00022_00008.png
38,39,6,5,33,33,1,Train/1/00001_00022_00009.png
39,40,6,5,34,34,1,Train/1/00001_00022_00010.png
40,40,5,5,34,35,1,Train/1/00001_00022_00011.png
41,41,6,5,36,36,1,Train/1/00001_00022_00012.png
40,41,5,5,35,36,1,Train/1/00001_00022_00013.png
43,43,6,6,37,37,1,Train/1/00001_00022_00014.png
44,45,6,6,39,39,1,Train/1/00001_00022_00015.png
47,46,6,6,41,41,1,Train/1/00001_00022_00016.png
49,50,6,6,44,44,1,Train/1/00001_00022_00017.png
51,50,6,5,46,45,1,Train/1/00001_00022_00018.png
53,52,6,5,48,47,1,Train/1/00001_00022_00019.png
55,54,6,5,50,49,1,Train/1/00001_00022_00020.png
59,59,5,5,53,53,1,Train/1/00001_00022_00021.png
63,63,5,5,57,57,1,Train/1/00001_00022_00022.png
71,71,7,7,65,65,1,Train/1/00001_00022_00023.png
76,75,7,6,69,68,1,Train/1/00001_00022_00024.png
83,83,8,8,76,76,1,Train/1/00001_00022_00025.png
88,89,7,8,80,82,1,Train/1/00001_00022_00026.png
100,100,9,8,92,92,1,Train/1/00001_00022_00027.png
110,112,9,10,101,103,1,Train/1/00001_00022_00028.png
132,132,11,11,121,121,1,Train/1/00001_00022_00029.png
32,30,6,5,27,25,1,Train/1/00001_00023_00000.png
31,31,5,5,26,25,1,Train/1/00001_00023_00001.png
33,32,5,6,27,27,1,Train/1/00001_00023_00002.png
35,33,5,6,29,28,1,Train/1/00001_00023_00003.png
36,35,5,5,31,29,1,Train/1/00001_00023_00004.png
36,35,5,5,31,29,1,Train/1/00001_00023_00005.png
38,35,6,5,32,29,1,Train/1/00001_00023_00006.png
38,36,5,6,32,31,1,Train/1/00001_00023_00007.png
38,35,5,5,32,30,1,Train/1/00001_00023_00008.png
38,37,5,6,32,31,1,Train/1/00001_00023_00009.png
39,36,6,5,34,31,1,Train/1/00001_00023_00010.png
38,36,5,5,33,31,1,Train/1/00001_00023_00011.png
38,37,5,6,33,32,1,Train/1/00001_00023_00012.png
38,36,5,5,33,31,1,Train/1/00001_00023_00013.png
40,37,6,5,34,31,1,Train/1/00001_00023_00014.png
39,37,5,5,34,32,1,Train/1/00001_00023_00015.png
39,38,5,6,34,33,1,Train/1/00001_00023_00016.png
41,38,6,6,36,33,1,Train/1/00001_00023_00017.png
41,39,6,6,36,33,1,Train/1/00001_00023_00018.png
41,39,5,6,36,34,1,Train/1/00001_00023_00019.png
42,39,5,5,37,34,1,Train/1/00001_00023_00020.png
44,41,6,6,39,36,1,Train/1/00001_00023_00021.png
44,41,6,5,39,35,1,Train/1/00001_00023_00022.png
45,42,5,5,40,37,1,Train/1/00001_00023_00023.png
45,42,5,5,40,37,1,Train/1/00001_00023_00024.png
42,44,5,6,37,39,1,Train/1/00001_00023_00025.png
48,45,6,6,43,40,1,Train/1/00001_00023_00026.png
48,45,5,5,43,40,1,Train/1/00001_00023_00027.png
50,46,6,5,45,41,1,Train/1/00001_00023_00028.png
52,48,6,6,46,43,1,Train/1/00001_00023_00029.png
25,28,5,6,20,22,1,Train/1/00001_00024_00000.png
27,28,6,5,22,23,1,Train/1/00001_00024_00001.png
27,29,6,6,22,24,1,Train/1/00001_00024_00002.png
27,29,6,6,22,24,1,Train/1/00001_00024_00003.png
26,28,5,5,21,23,1,Train/1/00001_00024_00004.png
26,29,5,6,21,24,1,Train/1/00001_00024_00005.png
26,28,5,5,21,23,1,Train/1/00001_00024_00006.png
26,27,5,5,21,22,1,Train/1/00001_00024_00007.png
27,27,5,5,22,22,1,Train/1/00001_00024_00008.png
28,27,6,5,23,22,1,Train/1/00001_00024_00009.png
28,28,6,6,23,23,1,Train/1/00001_00024_00010.png
28,28,6,6,23,23,1,Train/1/00001_00024_00011.png
28,26,6,5,23,21,1,Train/1/00001_00024_00012.png
28,26,5,5,22,21,1,Train/1/00001_00024_00013.png
28,28,5,6,23,23,1,Train/1/00001_00024_00014.png
30,29,6,6,24,23,1,Train/1/00001_00024_00015.png
30,29,6,6,25,24,1,Train/1/00001_00024_00016.png
30,28,6,5,25,23,1,Train/1/00001_00024_00017.png
30,28,6,5,25,23,1,Train/1/00001_00024_00018.png
29,29,6,6,24,24,1,Train/1/00001_00024_00019.png
29,29,6,6,24,24,1,Train/1/00001_00024_00020.png
29,28,6,5,24,23,1,Train/1/00001_00024_00021.png
28,29,5,5,23,23,1,Train/1/00001_00024_00022.png
29,29,5,5,24,24,1,Train/1/00001_00024_00023.png
31,31,5,5,25,26,1,Train/1/00001_00024_00024.png
32,32,6,5,27,27,1,Train/1/00001_00024_00025.png
32,34,6,6,27,28,1,Train/1/00001_00024_00026.png
32,34,5,6,27,29,1,Train/1/00001_00024_00027.png
33,34,5,6,27,29,1,Train/1/00001_00024_00028.png
34,35,5,6,28,30,1,Train/1/00001_00024_00029.png
26,25,5,5,21,20,1,Train/1/00001_00025_00000.png
28,26,5,5,22,21,1,Train/1/00001_00025_00001.png
28,28,5,6,23,23,1,Train/1/00001_00025_00002.png
28,28,5,6,23,23,1,Train/1/00001_00025_00003.png
30,28,6,5,24,23,1,Train/1/00001_00025_00004.png
30,30,6,6,25,25,1,Train/1/00001_00025_00005.png
31,30,6,5,26,25,1,Train/1/00001_00025_00006.png
29,29,5,5,24,24,1,Train/1/00001_00025_00007.png
31,30,6,5,26,25,1,Train/1/00001_00025_00008.png
34,32,6,6,29,27,1,Train/1/00001_00025_00009.png
34,31,6,5,28,26,1,Train/1/00001_00025_00010.png
33,31,6,5,28,26,1,Train/1/00001_00025_00011.png
35,32,6,5,29,27,1,Train/1/00001_00025_00012.png
36,35,5,5,31,29,1,Train/1/00001_00025_00013.png
37,35,5,5,31,30,1,Train/1/00001_00025_00014.png
37,35,5,5,31,30,1,Train/1/00001_00025_00015.png
39,38,6,6,34,33,1,Train/1/00001_00025_00016.png
40,40,5,6,35,35,1,Train/1/00001_00025_00017.png
40,39,6,5,35,34,1,Train/1/00001_00025_00018.png
42,41,6,5,37,35,1,Train/1/00001_00025_00019.png
43,44,5,6,38,38,1,Train/1/00001_00025_00020.png
45,45,5,6,39,39,1,Train/1/00001_00025_00021.png
48,46,5,5,42,41,1,Train/1/00001_00025_00022.png
49,49,5,6,43,44,1,Train/1/00001_00025_00023.png
52,51,5,5,46,45,1,Train/1/00001_00025_00024.png
55,54,6,6,50,49,1,Train/1/00001_00025_00025.png
60,58,6,5,55,53,1,Train/1/00001_00025_00026.png
63,60,6,5,58,55,1,Train/1/00001_00025_00027.png
67,63,6,5,61,58,1,Train/1/00001_00025_00028.png
73,72,6,7,67,66,1,Train/1/00001_00025_00029.png
51,52,5,6,46,47,1,Train/1/00001_00026_00000.png
50,52,5,5,44,46,1,Train/1/00001_00026_00001.png
49,52,5,5,44,47,1,Train/1/00001_00026_00002.png
50,53,5,5,45,47,1,Train/1/00001_00026_00003.png
51,53,5,5,46,48,1,Train/1/00001_00026_00004.png
53,55,5,6,48,50,1,Train/1/00001_00026_00005.png
56,57,6,6,50,51,1,Train/1/00001_00026_00006.png
57,59,5,6,51,53,1,Train/1/00001_00026_00007.png
58,59,5,5,53,54,1,Train/1/00001_00026_00008.png
60,62,5,6,55,56,1,Train/1/00001_00026_00009.png
63,63,6,5,58,57,1,Train/1/00001_00026_00010.png
64,64,5,5,59,59,1,Train/1/00001_00026_00011.png
68,66,7,6,62,60,1,Train/1/00001_00026_00012.png
69,68,6,6,63,61,1,Train/1/00001_00026_00013.png
72,68,6,6,65,62,1,Train/1/00001_00026_00014.png
74,71,6,7,67,65,1,Train/1/00001_00026_00015.png
76,73,7,7,69,67,1,Train/1/00001_00026_00016.png
76,75,6,7,70,69,1,Train/1/00001_00026_00017.png
80,77,7,6,72,70,1,Train/1/00001_00026_00018.png
80,81,7,8,73,73,1,Train/1/00001_00026_00019.png
83,82,8,7,76,75,1,Train/1/00001_00026_00020.png
85,84,8,7,78,77,1,Train/1/00001_00026_00021.png
86,88,7,8,79,80,1,Train/1/00001_00026_00022.png
92,93,9,9,84,84,1,Train/1/00001_00026_00023.png
96,95,9,8,88,87,1,Train/1/00001_00026_00024.png
99,100,8,8,91,91,1,Train/1/00001_00026_00025.png
106,106,9,9,96,96,1,Train/1/00001_00026_00026.png
108,108,9,9,99,99,1,Train/1/00001_00026_00027.png
113,112,10,9,104,103,1,Train/1/00001_00026_00028.png
119,118,11,10,109,108,1,Train/1/00001_00026_00029.png
31,31,6,5,26,26,1,Train/1/00001_00027_00000.png
31,32,6,6,26,26,1,Train/1/00001_00027_00001.png
32,31,6,6,26,26,1,Train/1/00001_00027_00002.png
34,32,6,6,29,27,1,Train/1/00001_00027_00003.png
35,32,6,5,29,26,1,Train/1/00001_00027_00004.png
33,34,5,6,28,28,1,Train/1/00001_00027_00005.png
32,34,5,6,27,28,1,Train/1/00001_00027_00006.png
32,32,5,5,27,27,1,Train/1/00001_00027_00007.png
34,34,5,6,28,29,1,Train/1/00001_00027_00008.png
34,35,5,5,29,29,1,Train/1/00001_00027_00009.png
36,36,5,5,31,31,1,Train/1/00001_00027_00010.png
39,40,5,6,33,34,1,Train/1/00001_00027_00011.png
39,39,5,5,34,34,1,Train/1/00001_00027_00012.png
40,41,5,6,34,36,1,Train/1/00001_00027_00013.png
41,44,5,6,36,38,1,Train/1/00001_00027_00014.png
43,44,5,5,37,38,1,Train/1/00001_00027_00015.png
45,45,6,5,40,40,1,Train/1/00001_00027_00016.png
47,47,6,5,41,41,1,Train/1/00001_00027_00017.png
48,48,6,5,43,43,1,Train/1/00001_00027_00018.png
48,51,5,6,43,45,1,Train/1/00001_00027_00019.png
51,51,6,5,46,46,1,Train/1/00001_00027_00020.png
53,55,5,6,48,50,1,Train/1/00001_00027_00021.png
55,56,5,5,50,51,1,Train/1/00001_00027_00022.png
58,59,6,5,53,53,1,Train/1/00001_00027_00023.png
60,63,5,6,55,58,1,Train/1/00001_00027_00024.png
68,70,6,7,61,64,1,Train/1/00001_00027_00025.png
72,74,7,7,66,68,1,Train/1/00001_00027_00026.png
76,81,6,7,70,74,1,Train/1/00001_00027_00027.png
82,88,7,7,75,81,1,Train/1/00001_00027_00028.png
88,95,8,8,81,87,1,Train/1/00001_00027_00029.png
29,33,6,6,24,28,1,Train/1/00001_00028_00000.png
29,32,6,5,23,27,1,Train/1/00001_00028_00001.png
28,32,5,5,23,27,1,Train/1/00001_00028_00002.png
30,35,5,6,25,30,1,Train/1/00001_00028_00003.png
30,36,5,5,25,30,1,Train/1/00001_00028_00004.png
32,36,6,5,27,31,1,Train/1/00001_00028_00005.png
32,37,5,6,26,32,1,Train/1/00001_00028_00006.png
33,37,6,5,27,32,1,Train/1/00001_00028_00007.png
32,37,5,5,27,32,1,Train/1/00001_00028_00008.png
33,38,6,6,27,33,1,Train/1/00001_00028_00009.png
32,39,5,6,26,34,1,Train/1/00001_00028_00010.png
32,40,5,6,27,34,1,Train/1/00001_00028_00011.png
36,42,6,6,31,37,1,Train/1/00001_00028_00012.png
38,44,6,6,33,39,1,Train/1/00001_00028_00013.png
37,45,5,6,32,40,1,Train/1/00001_00028_00014.png
39,46,5,5,34,41,1,Train/1/00001_00028_00015.png
41,48,6,6,36,43,1,Train/1/00001_00028_00016.png
42,50,5,5,37,45,1,Train/1/00001_00028_00017.png
45,53,6,6,40,48,1,Train/1/00001_00028_00018.png
47,56,5,6,41,51,1,Train/1/00001_00028_00019.png
51,59,6,5,46,54,1,Train/1/00001_00028_00020.png
55,63,6,5,49,58,1,Train/1/00001_00028_00021.png
56,69,5,7,51,63,1,Train/1/00001_00028_00022.png
60,72,6,6,55,66,1,Train/1/00001_00028_00023.png
64,80,5,8,59,73,1,Train/1/00001_00028_00024.png
75,89,7,8,68,81,1,Train/1/00001_00028_00025.png
84,99,8,9,76,91,1,Train/1/00001_00028_00026.png
94,111,8,10,85,102,1,Train/1/00001_00028_00027.png
110,131,9,12,101,120,1,Train/1/00001_00028_00028.png
137,157,11,14,125,144,1,Train/1/00001_00028_00029.png
33,34,6,5,28,29,1,Train/1/00001_00029_00000.png
33,36,6,6,28,30,1,Train/1/00001_00029_00001.png
34,36,6,6,29,31,1,Train/1/00001_00029_00002.png
35,36,6,6,29,31,1,Train/1/00001_00029_00003.png
36,38,6,5,31,32,1,Train/1/00001_00029_00004.png
37,39,5,6,31,33,1,Train/1/00001_00029_00005.png
39,38,6,6,33,33,1,Train/1/00001_00029_00006.png
39,38,6,5,33,32,1,Train/1/00001_00029_00007.png
39,40,5,6,33,34,1,Train/1/00001_00029_00008.png
40,41,6,6,35,36,1,Train/1/00001_00029_00009.png
40,41,5,5,35,36,1,Train/1/00001_00029_00010.png
40,42,5,6,35,37,1,Train/1/00001_00029_00011.png
41,43,5,6,35,38,1,Train/1/00001_00029_00012.png
44,44,5,5,38,38,1,Train/1/00001_00029_00013.png
46,47,5,6,40,41,1,Train/1/00001_00029_00014.png
49,49,6,5,44,44,1,Train/1/00001_00029_00015.png
49,52,5,6,44,46,1,Train/1/00001_00029_00016.png
52,52,6,5,47,47,1,Train/1/00001_00029_00017.png
53,55,5,6,47,49,1,Train/1/00001_00029_00018.png
55,56,6,5,50,50,1,Train/1/00001_00029_00019.png
57,57,6,5,52,52,1,Train/1/00001_00029_00020.png
60,61,5,5,55,56,1,Train/1/00001_00029_00021.png
65,69,5,7,59,62,1,Train/1/00001_00029_00022.png
72,75,6,7,66,68,1,Train/1/00001_00029_00023.png
80,81,8,7,73,73,1,Train/1/00001_00029_00024.png
86,87,7,7,79,80,1,Train/1/00001_00029_00025.png
96,98,8,9,87,90,1,Train/1/00001_00029_00026.png
107,109,10,9,98,99,1,Train/1/00001_00029_00027.png
128,131,11,11,116,119,1,Train/1/00001_00029_00028.png
154,155,14,14,140,142,1,Train/1/00001_00029_00029.png
27,34,6,6,22,29,1,Train/1/00001_00030_00000.png
28,34,6,5,23,29,1,Train/1/00001_00030_00001.png
28,36,5,6,23,31,1,Train/1/00001_00030_00002.png
32,37,6,5,26,31,1,Train/1/00001_00030_00003.png
32,38,5,5,27,33,1,Train/1/00001_00030_00004.png
32,39,5,5,27,34,1,Train/1/00001_00030_00005.png
33,41,5,6,28,36,1,Train/1/00001_00030_00006.png
33,41,5,5,28,36,1,Train/1/00001_00030_00007.png
34,42,6,5,29,36,1,Train/1/00001_00030_00008.png
34,44,5,6,28,38,1,Train/1/00001_00030_00009.png
35,45,5,6,29,40,1,Train/1/00001_00030_00010.png
37,47,6,6,32,42,1,Train/1/00001_00030_00011.png
37,49,5,6,31,43,1,Train/1/00001_00030_00012.png
38,48,5,5,32,43,1,Train/1/00001_00030_00013.png
40,51,6,6,35,46,1,Train/1/00001_00030_00014.png
41,53,6,5,36,48,1,Train/1/00001_00030_00015.png
43,57,6,6,38,52,1,Train/1/00001_00030_00016.png
44,58,5,5,39,53,1,Train/1/00001_00030_00017.png
46,59,5,5,40,54,1,Train/1/00001_00030_00018.png
48,60,5,5,43,54,1,Train/1/00001_00030_00019.png
52,63,6,5,47,58,1,Train/1/00001_00030_00020.png
55,71,5,7,49,64,1,Train/1/00001_00030_00021.png
58,73,5,6,52,66,1,Train/1/00001_00030_00022.png
60,75,5,6,55,69,1,Train/1/00001_00030_00023.png
68,83,7,7,62,75,1,Train/1/00001_00030_00024.png
72,91,6,8,66,83,1,Train/1/00001_00030_00025.png
82,98,7,8,74,90,1,Train/1/00001_00030_00026.png
93,108,9,10,85,99,1,Train/1/00001_00030_00027.png
103,117,9,10,94,107,1,Train/1/00001_00030_00028.png
118,134,10,12,107,123,1,Train/1/00001_00030_00029.png
27,29,5,5,22,24,1,Train/1/00001_00031_00000.png
28,30,6,5,23,24,1,Train/1/00001_00031_00001.png
29,31,6,6,24,25,1,Train/1/00001_00031_00002.png
29,29,6,5,24,24,1,Train/1/00001_00031_00003.png
30,31,6,6,24,25,1,Train/1/00001_00031_00004.png
29,30,5,5,24,25,1,Train/1/00001_00031_00005.png
30,32,5,6,25,27,1,Train/1/00001_00031_00006.png
29,33,5,6,24,28,1,Train/1/00001_00031_00007.png
34,35,5,6,29,30,1,Train/1/00001_00031_00008.png
36,36,6,6,31,31,1,Train/1/00001_00031_00009.png
38,38,6,6,32,32,1,Train/1/00001_00031_00010.png
40,39,6,6,34,34,1,Train/1/00001_00031_00011.png
40,39,6,5,35,34,1,Train/1/00001_00031_00012.png
41,40,6,5,36,35,1,Train/1/00001_00031_00013.png
42,42,6,5,37,36,1,Train/1/00001_00031_00014.png
44,43,6,5,39,38,1,Train/1/00001_00031_00015.png
45,46,5,6,39,40,1,Train/1/00001_00031_00016.png
47,46,6,5,42,41,1,Train/1/00001_00031_00017.png
49,48,6,5,44,43,1,Train/1/00001_00031_00018.png
50,50,5,5,45,45,1,Train/1/00001_00031_00019.png
53,53,5,6,47,48,1,Train/1/00001_00031_00020.png
55,55,5,5,50,50,1,Train/1/00001_00031_00021.png
59,58,6,5,54,52,1,Train/1/00001_00031_00022.png
62,61,5,5,57,56,1,Train/1/00001_00031_00023.png
70,68,7,6,64,62,1,Train/1/00001_00031_00024.png
74,73,7,7,68,66,1,Train/1/00001_00031_00025.png
81,79,7,7,74,72,1,Train/1/00001_00031_00026.png
91,88,8,8,83,80,1,Train/1/00001_00031_00027.png
101,99,9,9,93,91,1,Train/1/00001_00031_00028.png
111,106,9,10,102,97,1,Train/1/00001_00031_00029.png
33,32,6,5,28,27,1,Train/1/00001_00032_00000.png
33,32,6,5,28,27,1,Train/1/00001_00032_00001.png
32,33,5,5,27,27,1,Train/1/00001_00032_00002.png
33,34,5,6,27,28,1,Train/1/00001_00032_00003.png
34,34,6,5,29,28,1,Train/1/00001_00032_00004.png
35,34,6,5,30,29,1,Train/1/00001_00032_00005.png
36,36,6,6,31,31,1,Train/1/00001_00032_00006.png
36,37,5,6,31,32,1,Train/1/00001_00032_00007.png
38,38,6,6,32,32,1,Train/1/00001_00032_00008.png
39,38,6,5,33,32,1,Train/1/00001_00032_00009.png
39,40,5,6,33,34,1,Train/1/00001_00032_00010.png
41,41,6,6,35,35,1,Train/1/00001_00032_00011.png
42,42,6,6,37,37,1,Train/1/00001_00032_00012.png
44,43,6,5,38,37,1,Train/1/00001_00032_00013.png
44,46,5,6,39,40,1,Train/1/00001_00032_00014.png
47,47,6,6,42,42,1,Train/1/00001_00032_00015.png
49,48,6,5,43,43,1,Train/1/00001_00032_00016.png
51,50,6,5,45,45,1,Train/1/00001_00032_00017.png
52,53,5,6,47,48,1,Train/1/00001_00032_00018.png
54,56,5,5,49,50,1,Train/1/00001_00032_00019.png
59,59,6,6,53,54,1,Train/1/00001_00032_00020.png
62,64,5,6,56,58,1,Train/1/00001_00032_00021.png
68,69,7,7,62,63,1,Train/1/00001_00032_00022.png
71,73,6,7,65,67,1,Train/1/00001_00032_00023.png
77,80,7,8,71,73,1,Train/1/00001_00032_00024.png
83,85,8,7,76,77,1,Train/1/00001_00032_00025.png
95,96,9,8,87,88,1,Train/1/00001_00032_00026.png
107,108,10,10,97,98,1,Train/1/00001_00032_00027.png
121,120,10,11,110,109,1,Train/1/00001_00032_00028.png
143,135,12,11,131,123,1,Train/1/00001_00032_00029.png
30,30,6,5,25,25,1,Train/1/00001_00033_00000.png
31,31,6,5,26,25,1,Train/1/00001_00033_00001.png
30,30,5,5,25,25,1,Train/1/00001_00033_00002.png
30,30,5,5,25,25,1,Train/1/00001_00033_00003.png
31,30,6,5,26,25,1,Train/1/00001_00033_00004.png
31,33,5,6,26,27,1,Train/1/00001_00033_00005.png
34,33,6,5,28,28,1,Train/1/00001_00033_00006.png
34,33,6,5,28,28,1,Train/1/00001_00033_00007.png
34,35,6,6,29,30,1,Train/1/00001_00033_00008.png
33,34,5,5,28,29,1,Train/1/00001_00033_00009.png
34,36,5,6,29,30,1,Train/1/00001_00033_00010.png
37,36,6,5,32,31,1,Train/1/00001_00033_00011.png
37,36,6,5,32,31,1,Train/1/00001_00033_00012.png
37,37,6,6,32,32,1,Train/1/00001_00033_00013.png
37,37,5,5,32,32,1,Train/1/00001_00033_00014.png
40,40,6,6,35,35,1,Train/1/00001_00033_00015.png
41,41,6,6,36,36,1,Train/1/00001_00033_00016.png
42,42,5,6,36,37,1,Train/1/00001_00033_00017.png
44,43,6,6,38,38,1,Train/1/00001_00033_00018.png
44,44,5,5,39,39,1,Train/1/00001_00033_00019.png
47,46,6,6,41,41,1,Train/1/00001_00033_00020.png
47,48,5,5,42,42,1,Train/1/00001_00033_00021.png
50,49,5,5,45,44,1,Train/1/00001_00033_00022.png
53,52,6,6,48,47,1,Train/1/00001_00033_00023.png
55,53,5,5,50,48,1,Train/1/00001_00033_00024.png
58,56,5,5,53,51,1,Train/1/00001_00033_00025.png
63,60,6,5,57,54,1,Train/1/00001_00033_00026.png
69,65,7,6,63,60,1,Train/1/00001_00033_00027.png
72,69,7,6,66,63,1,Train/1/00001_00033_00028.png
76,76,6,7,69,69,1,Train/1/00001_00033_00029.png
30,29,6,5,25,24,1,Train/1/00001_00034_00000.png
30,31,6,6,25,25,1,Train/1/00001_00034_00001.png
31,30,6,5,26,25,1,Train/1/00001_00034_00002.png
32,32,6,6,27,27,1,Train/1/00001_00034_00003.png
33,31,6,5,27,26,1,Train/1/00001_00034_00004.png
32,32,6,6,27,27,1,Train/1/00001_00034_00005.png
32,33,5,6,27,28,1,Train/1/00001_00034_00006.png
34,33,6,5,28,27,1,Train/1/00001_00034_00007.png
34,33,5,5,28,28,1,Train/1/00001_00034_00008.png
35,34,6,5,30,29,1,Train/1/00001_00034_00009.png
35,35,5,5,30,30,1,Train/1/00001_00034_00010.png
38,37,6,5,33,32,1,Train/1/00001_00034_00011.png
38,39,5,6,33,34,1,Train/1/00001_00034_00012.png
40,40,6,6,35,35,1,Train/1/00001_00034_00013.png
41,41,6,6,36,36,1,Train/1/00001_00034_00014.png
42,41,6,5,37,36,1,Train/1/00001_00034_00015.png
42,44,5,6,37,38,1,Train/1/00001_00034_00016.png
45,44,6,5,40,39,1,Train/1/00001_00034_00017.png
47,46,6,5,42,41,1,Train/1/00001_00034_00018.png
50,48,6,5,44,43,1,Train/1/00001_00034_00019.png
51,52,5,6,46,47,1,Train/1/00001_00034_00020.png
55,54,6,5,50,49,1,Train/1/00001_00034_00021.png
57,58,5,6,52,53,1,Train/1/00001_00034_00022.png
63,63,6,6,58,58,1,Train/1/00001_00034_00023.png
70,71,6,7,64,65,1,Train/1/00001_00034_00024.png
76,75,7,6,70,68,1,Train/1/00001_00034_00025.png
86,87,7,8,79,79,1,Train/1/00001_00034_00026.png
98,98,9,8,90,89,1,Train/1/00001_00034_00027.png
110,113,9,9,100,103,1,Train/1/00001_00034_00028.png
130,135,11,11,119,124,1,Train/1/00001_00034_00029.png
26,26,6,5,21,21,1,Train/1/00001_00035_00000.png
26,27,6,6,21,22,1,Train/1/00001_00035_00001.png
26,26,5,5,21,21,1,Train/1/00001_00035_00002.png
26,28,5,6,21,22,1,Train/1/00001_00035_00003.png
29,28,6,5,23,23,1,Train/1/00001_00035_00004.png
29,30,6,6,24,25,1,Train/1/00001_00035_00005.png
29,29,6,5,24,24,1,Train/1/00001_00035_00006.png
28,30,5,6,23,25,1,Train/1/00001_00035_00007.png
29,30,6,6,24,25,1,Train/1/00001_00035_00008.png
29,30,6,6,24,25,1,Train/1/00001_00035_00009.png
31,32,6,6,25,26,1,Train/1/00001_00035_00010.png
32,31,6,5,27,26,1,Train/1/00001_00035_00011.png
33,35,5,6,28,30,1,Train/1/00001_00035_00012.png
34,34,5,5,29,29,1,Train/1/00001_00035_00013.png
35,35,6,6,30,30,1,Train/1/00001_00035_00014.png
34,36,5,6,29,31,1,Train/1/00001_00035_00015.png
35,36,5,5,30,31,1,Train/1/00001_00035_00016.png
37,38,6,5,32,32,1,Train/1/00001_00035_00017.png
39,39,6,5,34,34,1,Train/1/00001_00035_00018.png
42,42,5,6,37,37,1,Train/1/00001_00035_00019.png
45,44,5,6,39,39,1,Train/1/00001_00035_00020.png
48,47,6,6,43,42,1,Train/1/00001_00035_00021.png
52,50,6,5,46,44,1,Train/1/00001_00035_00022.png
54,55,6,6,49,50,1,Train/1/00001_00035_00023.png
60,58,6,6,54,52,1,Train/1/00001_00035_00024.png
63,59,5,5,57,54,1,Train/1/00001_00035_00025.png
69,64,6,6,63,59,1,Train/1/00001_00035_00026.png
76,73,6,6,70,66,1,Train/1/00001_00035_00027.png
89,85,8,8,82,77,1,Train/1/00001_00035_00028.png
105,98,9,9,96,90,1,Train/1/00001_00035_00029.png
31,30,6,5,26,25,1,Train/1/00001_00036_00000.png
31,31,5,5,26,26,1,Train/1/00001_00036_00001.png
33,34,5,6,28,29,1,Train/1/00001_00036_00002.png
34,33,6,5,29,28,1,Train/1/00001_00036_00003.png
34,35,6,6,29,29,1,Train/1/00001_00036_00004.png
33,35,5,6,28,30,1,Train/1/00001_00036_00005.png
33,34,5,5,28,29,1,Train/1/00001_00036_00006.png
34,36,5,6,29,31,1,Train/1/00001_00036_00007.png
35,37,5,6,30,32,1,Train/1/00001_00036_00008.png
35,36,5,5,30,31,1,Train/1/00001_00036_00009.png
38,38,6,6,33,33,1,Train/1/00001_00036_00010.png
38,37,5,5,32,32,1,Train/1/00001_00036_00011.png
40,38,6,5,35,33,1,Train/1/00001_00036_00012.png
42,40,6,5,37,35,1,Train/1/00001_00036_00013.png
42,42,5,6,37,37,1,Train/1/00001_00036_00014.png
42,41,5,5,37,36,1,Train/1/00001_00036_00015.png
43,42,5,5,38,37,1,Train/1/00001_00036_00016.png
45,45,5,6,40,40,1,Train/1/00001_00036_00017.png
47,48,5,6,42,43,1,Train/1/00001_00036_00018.png
48,47,5,5,43,42,1,Train/1/00001_00036_00019.png
51,50,6,6,46,44,1,Train/1/00001_00036_00020.png
53,51,5,5,47,46,1,Train/1/00001_00036_00021.png
56,54,6,5,51,49,1,Train/1/00001_00036_00022.png
57,56,6,6,52,51,1,Train/1/00001_00036_00023.png
61,59,6,5,56,54,1,Train/1/00001_00036_00024.png
64,62,5,5,59,57,1,Train/1/00001_00036_00025.png
70,69,6,7,64,63,1,Train/1/00001_00036_00026.png
75,72,6,6,68,66,1,Train/1/00001_00036_00027.png
81,81,7,7,74,74,1,Train/1/00001_00036_00028.png
92,88,8,7,84,81,1,Train/1/00001_00036_00029.png
26,25,5,5,21,20,1,Train/1/00001_00037_00000.png
26,26,5,5,21,20,1,Train/1/00001_00037_00001.png
27,26,6,5,22,21,1,Train/1/00001_00037_00002.png
28,27,6,6,23,22,1,Train/1/00001_00037_00003.png
28,26,6,5,23,21,1,Train/1/00001_00037_00004.png
27,27,5,5,22,22,1,Train/1/00001_00037_00005.png
28,28,6,6,23,23,1,Train/1/00001_00037_00006.png
29,28,6,5,24,23,1,Train/1/00001_00037_00007.png
30,31,6,6,25,26,1,Train/1/00001_00037_00008.png
31,32,5,6,25,27,1,Train/1/00001_00037_00009.png
31,31,5,5,26,26,1,Train/1/00001_00037_00010.png
31,32,5,6,26,27,1,Train/1/00001_00037_00011.png
33,34,5,6,27,28,1,Train/1/00001_00037_00012.png
34,34,6,5,29,28,1,Train/1/00001_00037_00013.png
36,36,6,6,31,31,1,Train/1/00001_00037_00014.png
36,36,5,5,31,31,1,Train/1/00001_00037_00015.png
38,37,5,5,32,32,1,Train/1/00001_00037_00016.png
40,40,5,5,35,35,1,Train/1/00001_00037_00017.png
40,41,5,6,35,36,1,Train/1/00001_00037_00018.png
43,43,5,5,37,37,1,Train/1/00001_00037_00019.png
45,47,5,6,40,41,1,Train/1/00001_00037_00020.png
48,48,5,5,43,43,1,Train/1/00001_00037_00021.png
54,53,6,6,48,47,1,Train/1/00001_00037_00022.png
56,55,6,6,51,49,1,Train/1/00001_00037_00023.png
59,57,5,5,53,52,1,Train/1/00001_00037_00024.png
62,61,6,6,57,56,1,Train/1/00001_00037_00025.png
71,71,6,7,65,65,1,Train/1/00001_00037_00026.png
82,82,7,8,74,74,1,Train/1/00001_00037_00027.png
92,88,9,7,84,81,1,Train/1/00001_00037_00028.png
105,104,9,9,96,95,1,Train/1/00001_00037_00029.png
27,28,6,6,22,23,1,Train/1/00001_00038_00000.png
28,28,6,5,23,23,1,Train/1/00001_00038_00001.png
27,28,5,5,22,23,1,Train/1/00001_00038_00002.png
29,30,6,6,24,25,1,Train/1/00001_00038_00003.png
29,30,6,6,24,25,1,Train/1/00001_00038_00004.png
29,31,5,6,24,26,1,Train/1/00001_00038_00005.png
30,31,5,5,25,26,1,Train/1/00001_00038_00006.png
30,31,5,5,25,26,1,Train/1/00001_00038_00007.png
31,33,5,6,26,28,1,Train/1/00001_00038_00008.png
31,33,5,6,26,28,1,Train/1/00001_00038_00009.png
31,33,5,6,26,28,1,Train/1/00001_00038_00010.png
32,34,5,6,27,29,1,Train/1/00001_00038_00011.png
33,34,5,5,28,29,1,Train/1/00001_00038_00012.png
33,34,5,5,28,29,1,Train/1/00001_00038_00013.png
33,34,5,5,28,29,1,Train/1/00001_00038_00014.png
36,36,6,5,31,31,1,Train/1/00001_00038_00015.png
37,37,6,5,32,32,1,Train/1/00001_00038_00016.png
37,37,6,5,32,32,1,Train/1/00001_00038_00017.png
38,39,5,5,33,34,1,Train/1/00001_00038_00018.png
38,40,5,6,33,35,1,Train/1/00001_00038_00019.png
39,41,5,6,34,36,1,Train/1/00001_00038_00020.png
40,43,5,6,35,38,1,Train/1/00001_00038_00021.png
41,42,6,5,36,37,1,Train/1/00001_00038_00022.png
42,44,6,6,37,39,1,Train/1/00001_00038_00023.png
43,46,5,6,38,41,1,Train/1/00001_00038_00024.png
46,48,6,6,41,43,1,Train/1/00001_00038_00025.png
49,51,6,6,44,46,1,Train/1/00001_00038_00026.png
51,54,5,6,46,49,1,Train/1/00001_00038_00027.png
54,56,5,5,49,51,1,Train/1/00001_00038_00028.png
58,60,5,5,53,55,1,Train/1/00001_00038_00029.png
34,34,5,6,29,29,1,Train/1/00001_00039_00000.png
36,36,6,6,31,31,1,Train/1/00001_00039_00001.png
37,35,6,5,32,30,1,Train/1/00001_00039_00002.png
36,35,5,5,31,30,1,Train/1/00001_00039_00003.png
36,38,5,6,31,33,1,Train/1/00001_00039_00004.png
36,38,5,6,31,33,1,Train/1/00001_00039_00005.png
38,38,6,6,33,33,1,Train/1/00001_00039_00006.png
39,38,5,5,34,33,1,Train/1/00001_00039_00007.png
39,42,5,6,34,37,1,Train/1/00001_00039_00008.png
40,43,5,6,35,38,1,Train/1/00001_00039_00009.png
40,42,5,5,35,37,1,Train/1/00001_00039_00010.png
45,48,5,6,40,43,1,Train/1/00001_00039_00011.png
45,48,5,6,40,43,1,Train/1/00001_00039_00012.png
45,46,5,5,40,41,1,Train/1/00001_00039_00013.png
46,47,5,5,41,42,1,Train/1/00001_00039_00014.png
51,52,6,6,46,47,1,Train/1/00001_00039_00015.png
50,54,5,5,45,49,1,Train/1/00001_00039_00016.png
52,55,5,5,47,50,1,Train/1/00001_00039_00017.png
56,57,5,5,51,52,1,Train/1/00001_00039_00018.png
59,62,6,6,54,57,1,Train/1/00001_00039_00019.png
62,69,5,6,57,63,1,Train/1/00001_00039_00020.png
65,70,6,7,60,64,1,Train/1/00001_00039_00021.png
70,73,6,6,64,67,1,Train/1/00001_00039_00022.png
73,79,7,7,67,72,1,Train/1/00001_00039_00023.png
76,80,6,8,70,73,1,Train/1/00001_00039_00024.png
82,85,7,7,75,78,1,Train/1/00001_00039_00025.png
86,96,7,9,79,88,1,Train/1/00001_00039_00026.png
94,100,8,9,86,92,1,Train/1/00001_00039_00027.png
104,108,9,10,95,99,1,Train/1/00001_00039_00028.png
110,116,9,11,101,106,1,Train/1/00001_00039_00029.png
33,34,6,6,28,29,1,Train/1/00001_00040_00000.png
34,36,6,6,29,31,1,Train/1/00001_00040_00001.png
34,38,5,6,29,33,1,Train/1/00001_00040_00002.png
34,38,5,6,29,33,1,Train/1/00001_00040_00003.png
34,36,5,6,29,31,1,Train/1/00001_00040_00004.png
37,37,5,5,32,32,1,Train/1/00001_00040_00005.png
38,37,6,5,33,32,1,Train/1/00001_00040_00006.png
38,39,5,5,33,34,1,Train/1/00001_00040_00007.png
38,40,5,6,33,35,1,Train/1/00001_00040_00008.png
40,42,5,5,35,37,1,Train/1/00001_00040_00009.png
42,44,6,6,37,39,1,Train/1/00001_00040_00010.png
43,45,5,5,38,40,1,Train/1/00001_00040_00011.png
43,45,5,5,38,40,1,Train/1/00001_00040_00012.png
44,47,5,6,39,42,1,Train/1/00001_00040_00013.png
46,49,5,6,41,44,1,Train/1/00001_00040_00014.png
48,49,5,6,43,44,1,Train/1/00001_00040_00015.png
51,53,6,6,46,48,1,Train/1/00001_00040_00016.png
54,54,6,6,49,49,1,Train/1/00001_00040_00017.png
53,56,5,5,48,51,1,Train/1/00001_00040_00018.png
56,58,5,5,51,53,1,Train/1/00001_00040_00019.png
58,59,5,5,53,54,1,Train/1/00001_00040_00020.png
62,62,5,5,57,57,1,Train/1/00001_00040_00021.png
67,68,6,7,61,62,1,Train/1/00001_00040_00022.png
71,73,6,6,65,67,1,Train/1/00001_00040_00023.png
81,81,8,7,74,74,1,Train/1/00001_00040_00024.png
83,85,8,8,76,78,1,Train/1/00001_00040_00025.png
93,92,9,8,85,84,1,Train/1/00001_00040_00026.png
99,100,9,9,91,92,1,Train/1/00001_00040_00027.png
121,117,11,11,111,107,1,Train/1/00001_00040_00028.png
130,128,11,12,119,117,1,Train/1/00001_00040_00029.png
41,42,5,6,36,37,1,Train/1/00001_00041_00000.png
42,43,5,6,37,38,1,Train/1/00001_00041_00001.png
44,44,6,6,39,39,1,Train/1/00001_00041_00002.png
44,43,6,5,39,38,1,Train/1/00001_00041_00003.png
43,44,5,6,38,39,1,Train/1/00001_00041_00004.png
45,44,6,5,40,39,1,Train/1/00001_00041_00005.png
45,46,5,6,40,41,1,Train/1/00001_00041_00006.png
47,48,6,6,42,43,1,Train/1/00001_00041_00007.png
47,48,6,6,42,43,1,Train/1/00001_00041_00008.png
48,49,5,6,43,44,1,Train/1/00001_00041_00009.png
49,49,5,5,44,44,1,Train/1/00001_00041_00010.png
50,49,6,5,45,44,1,Train/1/00001_00041_00011.png
50,50,5,5,45,45,1,Train/1/00001_00041_00012.png
52,52,6,6,47,47,1,Train/1/00001_00041_00013.png
54,54,6,6,49,49,1,Train/1/00001_00041_00014.png
55,55,6,6,50,50,1,Train/1/00001_00041_00015.png
54,54,5,5,49,49,1,Train/1/00001_00041_00016.png
55,56,5,6,50,51,1,Train/1/00001_00041_00017.png
56,56,6,5,51,51,1,Train/1/00001_00041_00018.png
58,59,6,6,53,54,1,Train/1/00001_00041_00019.png
58,60,5,6,53,55,1,Train/1/00001_00041_00020.png
61,60,6,5,56,55,1,Train/1/00001_00041_00021.png
62,63,6,6,57,58,1,Train/1/00001_00041_00022.png
63,63,6,5,58,58,1,Train/1/00001_00041_00023.png
65,67,6,6,60,61,1,Train/1/00001_00041_00024.png
68,69,7,7,62,63,1,Train/1/00001_00041_00025.png
68,69,6,6,62,63,1,Train/1/00001_00041_00026.png
72,72,7,7,66,66,1,Train/1/00001_00041_00027.png
74,74,7,7,68,68,1,Train/1/00001_00041_00028.png
77,77,7,7,71,71,1,Train/1/00001_00041_00029.png
34,35,5,6,29,30,1,Train/1/00001_00042_00000.png
34,34,5,5,29,29,1,Train/1/00001_00042_00001.png
34,36,6,6,29,31,1,Train/1/00001_00042_00002.png
32,33,5,5,27,28,1,Train/1/00001_00042_00003.png
34,36,5,6,29,31,1,Train/1/00001_00042_00004.png
37,37,6,5,32,32,1,Train/1/00001_00042_00005.png
38,40,5,6,33,35,1,Train/1/00001_00042_00006.png
38,40,5,6,33,35,1,Train/1/00001_00042_00007.png
38,39,5,5,33,34,1,Train/1/00001_00042_00008.png
39,39,5,5,34,34,1,Train/1/00001_00042_00009.png
43,44,6,6,38,39,1,Train/1/00001_00042_00010.png
42,44,5,6,37,39,1,Train/1/00001_00042_00011.png
45,47,5,6,40,42,1,Train/1/00001_00042_00012.png
46,46,6,5,41,41,1,Train/1/00001_00042_00013.png
48,50,5,6,43,45,1,Train/1/00001_00042_00014.png
49,49,6,5,44,44,1,Train/1/00001_00042_00015.png
48,50,5,6,43,45,1,Train/1/00001_00042_00016.png
50,51,5,5,45,46,1,Train/1/00001_00042_00017.png
51,52,5,5,46,47,1,Train/1/00001_00042_00018.png
52,53,5,6,47,48,1,Train/1/00001_00042_00019.png
59,59,6,6,54,54,1,Train/1/00001_00042_00020.png
60,62,5,6,55,57,1,Train/1/00001_00042_00021.png
62,64,6,6,57,59,1,Train/1/00001_00042_00022.png
70,71,6,6,64,65,1,Train/1/00001_00042_00023.png
72,73,6,6,66,67,1,Train/1/00001_00042_00024.png
80,81,8,8,73,74,1,Train/1/00001_00042_00025.png
82,82,7,7,75,75,1,Train/1/00001_00042_00026.png
91,92,8,9,83,84,1,Train/1/00001_00042_00027.png
103,104,9,10,94,95,1,Train/1/00001_00042_00028.png
116,117,10,10,106,107,1,Train/1/00001_00042_00029.png
39,38,6,5,34,33,1,Train/1/00001_00043_00000.png
39,38,6,5,34,33,1,Train/1/00001_00043_00001.png
40,41,5,6,35,36,1,Train/1/00001_00043_00002.png
41,40,6,5,36,35,1,Train/1/00001_00043_00003.png
41,41,6,6,36,36,1,Train/1/00001_00043_00004.png
42,42,5,5,37,37,1,Train/1/00001_00043_00005.png
43,42,6,5,38,37,1,Train/1/00001_00043_00006.png
43,42,6,5,38,37,1,Train/1/00001_00043_00007.png
46,47,5,6,41,42,1,Train/1/00001_00043_00008.png
46,47,5,6,41,42,1,Train/1/00001_00043_00009.png
47,46,6,5,42,41,1,Train/1/00001_00043_00010.png
48,48,5,5,43,43,1,Train/1/00001_00043_00011.png
49,48,6,5,44,43,1,Train/1/00001_00043_00012.png
49,49,5,5,44,44,1,Train/1/00001_00043_00013.png
52,52,6,6,47,47,1,Train/1/00001_00043_00014.png
53,53,5,5,48,48,1,Train/1/00001_00043_00015.png
55,55,6,6,50,50,1,Train/1/00001_00043_00016.png
55,55,6,6,50,50,1,Train/1/00001_00043_00017.png
58,59,5,6,53,54,1,Train/1/00001_00043_00018.png
61,61,6,6,56,56,1,Train/1/00001_00043_00019.png
61,60,6,5,56,55,1,Train/1/00001_00043_00020.png
64,65,5,6,59,60,1,Train/1/00001_00043_00021.png
65,64,6,5,60,59,1,Train/1/00001_00043_00022.png
69,70,6,7,63,64,1,Train/1/00001_00043_00023.png
73,74,6,7,67,68,1,Train/1/00001_00043_00024.png
81,82,7,8,74,75,1,Train/1/00001_00043_00025.png
85,86,7,8,78,79,1,Train/1/00001_00043_00026.png
98,98,9,9,90,90,1,Train/1/00001_00043_00027.png
105,106,9,10,96,97,1,Train/1/00001_00043_00028.png
121,121,11,11,111,111,1,Train/1/00001_00043_00029.png
38,37,6,5,33,32,1,Train/1/00001_00044_00000.png
38,38,6,6,33,33,1,Train/1/00001_00044_00001.png
38,37,6,5,33,32,1,Train/1/00001_00044_00002.png
38,37,6,5,33,32,1,Train/1/00001_00044_00003.png
37,38,5,6,32,33,1,Train/1/00001_00044_00004.png
32,33,5,6,27,28,1,Train/1/00001_00044_00005.png
34,35,5,6,29,30,1,Train/1/00001_00044_00006.png
34,35,5,6,29,30,1,Train/1/00001_00044_00007.png
36,36,6,6,31,31,1,Train/1/00001_00044_00008.png
36,37,5,6,31,32,1,Train/1/00001_00044_00009.png
38,38,6,6,33,33,1,Train/1/00001_00044_00010.png
37,37,5,5,32,32,1,Train/1/00001_00044_00011.png
41,41,5,5,36,36,1,Train/1/00001_00044_00012.png
43,42,6,5,38,37,1,Train/1/00001_00044_00013.png
42,43,5,6,37,38,1,Train/1/00001_00044_00014.png
43,43,5,5,38,38,1,Train/1/00001_00044_00015.png
45,45,5,5,40,40,1,Train/1/00001_00044_00016.png
47,47,6,6,42,42,1,Train/1/00001_00044_00017.png
48,49,5,6,43,44,1,Train/1/00001_00044_00018.png
51,50,6,5,46,45,1,Train/1/00001_00044_00019.png
51,52,5,6,46,47,1,Train/1/00001_00044_00020.png
54,54,6,6,49,49,1,Train/1/00001_00044_00021.png
57,57,6,6,52,52,1,Train/1/00001_00044_00022.png
58,58,6,5,53,53,1,Train/1/00001_00044_00023.png
69,68,7,6,63,62,1,Train/1/00001_00044_00024.png
73,72,7,6,67,66,1,Train/1/00001_00044_00025.png
76,76,6,6,70,70,1,Train/1/00001_00044_00026.png
80,80,7,7,73,73,1,Train/1/00001_00044_00027.png
96,97,8,9,88,89,1,Train/1/00001_00044_00028.png
109,109,10,10,100,100,1,Train/1/00001_00044_00029.png
41,41,6,6,36,36,1,Train/1/00001_00045_00000.png
40,40,5,5,35,35,1,Train/1/00001_00045_00001.png
43,43,6,6,38,38,1,Train/1/00001_00045_00002.png
43,43,6,6,38,38,1,Train/1/00001_00045_00003.png
42,42,5,5,37,37,1,Train/1/00001_00045_00004.png
44,45,5,6,39,40,1,Train/1/00001_00045_00005.png
45,45,6,6,40,40,1,Train/1/00001_00045_00006.png
44,44,5,5,39,39,1,Train/1/00001_00045_00007.png
48,49,5,6,43,44,1,Train/1/00001_00045_00008.png
48,49,5,6,43,44,1,Train/1/00001_00045_00009.png
49,49,5,5,44,44,1,Train/1/00001_00045_00010.png
50,50,6,6,45,45,1,Train/1/00001_00045_00011.png
51,51,5,5,46,46,1,Train/1/00001_00045_00012.png
52,51,6,5,47,46,1,Train/1/00001_00045_00013.png
53,53,5,5,48,48,1,Train/1/00001_00045_00014.png
55,55,5,5,50,50,1,Train/1/00001_00045_00015.png
57,58,5,6,52,53,1,Train/1/00001_00045_00016.png
57,58,5,6,52,53,1,Train/1/00001_00045_00017.png
61,60,6,5,56,55,1,Train/1/00001_00045_00018.png
65,64,6,5,60,59,1,Train/1/00001_00045_00019.png
65,65,6,6,60,60,1,Train/1/00001_00045_00020.png
70,70,7,7,64,64,1,Train/1/00001_00045_00021.png
73,73,7,7,67,67,1,Train/1/00001_00045_00022.png
77,76,7,6,71,70,1,Train/1/00001_00045_00023.png
84,85,7,8,77,78,1,Train/1/00001_00045_00024.png
87,86,8,7,80,79,1,Train/1/00001_00045_00025.png
91,92,8,9,83,84,1,Train/1/00001_00045_00026.png
105,105,10,10,96,96,1,Train/1/00001_00045_00027.png
110,110,9,9,101,101,1,Train/1/00001_00045_00028.png
119,118,11,10,109,108,1,Train/1/00001_00045_00029.png
40,41,5,6,35,36,1,Train/1/00001_00046_00000.png
40,41,5,6,35,36,1,Train/1/00001_00046_00001.png
41,42,5,6,36,37,1,Train/1/00001_00046_00002.png
42,41,6,5,37,36,1,Train/1/00001_00046_00003.png
43,43,6,6,38,38,1,Train/1/00001_00046_00004.png
44,43,6,5,39,38,1,Train/1/00001_00046_00005.png
44,43,6,5,39,38,1,Train/1/00001_00046_00006.png
46,46,6,6,41,41,1,Train/1/00001_00046_00007.png
45,45,5,5,40,40,1,Train/1/00001_00046_00008.png
46,45,6,5,41,40,1,Train/1/00001_00046_00009.png
48,48,6,6,43,43,1,Train/1/00001_00046_00010.png
48,49,5,6,43,44,1,Train/1/00001_00046_00011.png
50,49,6,5,45,44,1,Train/1/00001_00046_00012.png
50,49,6,5,45,44,1,Train/1/00001_00046_00013.png
52,51,6,5,47,46,1,Train/1/00001_00046_00014.png
53,52,6,5,48,47,1,Train/1/00001_00046_00015.png
54,54,5,5,49,49,1,Train/1/00001_00046_00016.png
57,58,5,6,52,53,1,Train/1/00001_00046_00017.png
59,60,5,6,54,55,1,Train/1/00001_00046_00018.png
61,61,5,5,56,56,1,Train/1/00001_00046_00019.png
64,62,5,5,59,57,1,Train/1/00001_00046_00020.png
68,69,6,7,62,63,1,Train/1/00001_00046_00021.png
70,71,6,7,64,65,1,Train/1/00001_00046_00022.png
76,76,6,6,70,70,1,Train/1/00001_00046_00023.png
81,80,8,7,74,73,1,Train/1/00001_00046_00024.png
85,86,7,8,78,79,1,Train/1/00001_00046_00025.png
94,94,8,8,86,86,1,Train/1/00001_00046_00026.png
105,104,10,9,96,95,1,Train/1/00001_00046_00027.png
111,112,9,10,102,103,1,Train/1/00001_00046_00028.png
123,123,10,10,113,113,1,Train/1/00001_00046_00029.png
35,35,5,5,30,30,1,Train/1/00001_00047_00000.png
35,36,5,6,30,31,1,Train/1/00001_00047_00001.png
35,36,5,6,30,31,1,Train/1/00001_00047_00002.png
36,35,6,5,31,30,1,Train/1/00001_00047_00003.png
35,35,5,5,30,30,1,Train/1/00001_00047_00004.png
36,36,5,5,31,31,1,Train/1/00001_00047_00005.png
37,37,6,6,32,32,1,Train/1/00001_00047_00006.png
36,36,5,5,31,31,1,Train/1/00001_00047_00007.png
39,39,6,6,34,34,1,Train/1/00001_00047_00008.png
40,39,6,5,35,34,1,Train/1/00001_00047_00009.png
40,40,6,6,35,35,1,Train/1/00001_00047_00010.png
40,40,5,5,35,35,1,Train/1/00001_00047_00011.png
41,40,6,5,36,35,1,Train/1/00001_00047_00012.png
41,42,5,6,36,37,1,Train/1/00001_00047_00013.png
44,44,6,6,39,39,1,Train/1/00001_00047_00014.png
46,46,6,6,41,41,1,Train/1/00001_00047_00015.png
47,48,5,6,42,43,1,Train/1/00001_00047_00016.png
47,48,5,6,42,43,1,Train/1/00001_00047_00017.png
53,53,6,6,48,48,1,Train/1/00001_00047_00018.png
